Price,Stock Code,Stock Name,Close,High,Low,Open,Volume
Ticker,,,1024.HK,1024.HK,1024.HK,1024.HK,1024.HK
Date,,,,,,,
2021-02-05,1024.HK,快手-W,300.0,345.0,300.0,338.0,119899748
2021-02-08,1024.HK,快手-W,303.0,310.0,283.0,301.79998779296875,28700114
2021-02-09,1024.HK,快手-W,350.6000061035156,352.0,308.0,309.0,38036864
2021-02-10,1024.HK,快手-W,397.0,398.0,365.0,366.79998779296875,25460855
2021-02-11,1024.HK,快手-W,399.20001220703125,399.20001220703125,399.20001220703125,399.20001220703125,0
2021-02-16,1024.HK,快手-W,403.0,417.79998779296875,399.0,403.6000061035156,18593677
2021-02-17,1024.HK,快手-W,415.0,415.0,388.0,402.0,12038231
2021-02-18,1024.HK,快手-W,393.6000061035156,417.0,388.0,415.20001220703125,12469470
2021-02-19,1024.HK,快手-W,388.0,396.0,362.3999938964844,386.0,18155131
2021-02-22,1024.HK,快手-W,377.79998779296875,402.0,377.79998779296875,397.0,22708535
2021-02-23,1024.HK,快手-W,358.0,368.0,350.0,364.79998779296875,17419667
2021-02-24,1024.HK,快手-W,327.20001220703125,363.6000061035156,325.0,360.0,16989699
2021-02-25,1024.HK,快手-W,339.20001220703125,345.3999938964844,330.0,340.20001220703125,8412718
2021-02-26,1024.HK,快手-W,308.79998779296875,326.0,305.0,317.6000061035156,22520220
2021-03-01,1024.HK,快手-W,313.79998779296875,324.79998779296875,302.20001220703125,320.79998779296875,9949607
2021-03-02,1024.HK,快手-W,319.0,340.0,316.0,335.0,7681023
2021-03-03,1024.HK,快手-W,317.20001220703125,323.20001220703125,314.6000061035156,320.6000061035156,3593400
2021-03-04,1024.HK,快手-W,299.6000061035156,309.3999938964844,290.0,309.3999938964844,11099200
2021-03-05,1024.HK,快手-W,285.0,295.0,282.0,293.20001220703125,8328260
2021-03-08,1024.HK,快手-W,266.0,291.79998779296875,263.79998779296875,288.6000061035156,13089444
2021-03-09,1024.HK,快手-W,272.0,280.79998779296875,250.0,261.6000061035156,10489951
2021-03-10,1024.HK,快手-W,278.20001220703125,299.20001220703125,274.3999938964844,299.20001220703125,7276653
2021-03-11,1024.HK,快手-W,307.79998779296875,309.3999938964844,283.6000061035156,285.0,10698016
2021-03-12,1024.HK,快手-W,304.0,323.0,298.20001220703125,321.3999938964844,13186099
2021-03-15,1024.HK,快手-W,289.6000061035156,310.0,287.0,304.6000061035156,6105491
2021-03-16,1024.HK,快手-W,302.79998779296875,308.0,297.6000061035156,298.79998779296875,3999594
2021-03-17,1024.HK,快手-W,312.3999938964844,317.3999938964844,301.0,302.0,6087852
2021-03-18,1024.HK,快手-W,317.79998779296875,327.0,315.20001220703125,319.0,6054837
2021-03-19,1024.HK,快手-W,315.79998779296875,317.3999938964844,302.0,314.0,9709007
2021-03-22,1024.HK,快手-W,314.79998779296875,319.20001220703125,309.20001220703125,311.0,2522977
2021-03-23,1024.HK,快手-W,301.20001220703125,317.79998779296875,292.0,316.3999938964844,6801931
2021-03-24,1024.HK,快手-W,265.0,292.0,261.3999938964844,291.3999938964844,16342120
2021-03-25,1024.HK,快手-W,266.0,270.79998779296875,248.1999969482422,253.0,9701115
2021-03-26,1024.HK,快手-W,280.0,289.79998779296875,271.0,271.0,5647878
2021-03-29,1024.HK,快手-W,265.6000061035156,274.6000061035156,259.0,273.20001220703125,7370452
2021-03-30,1024.HK,快手-W,263.79998779296875,272.0,263.3999938964844,268.0,3199054
2021-03-31,1024.HK,快手-W,270.0,280.79998779296875,267.3999938964844,272.0,5227198
2021-04-01,1024.HK,快手-W,285.0,286.0,272.20001220703125,275.20001220703125,5798932
2021-04-07,1024.HK,快手-W,274.79998779296875,287.79998779296875,270.79998779296875,285.79998779296875,5195612
2021-04-08,1024.HK,快手-W,272.3999938964844,276.3999938964844,268.0,270.0,3380116
2021-04-09,1024.HK,快手-W,276.3999938964844,279.20001220703125,272.3999938964844,273.79998779296875,3325368
2021-04-12,1024.HK,快手-W,267.6000061035156,278.0,264.0,277.0,3640294
2021-04-13,1024.HK,快手-W,259.20001220703125,268.3999938964844,256.0,267.79998779296875,3602578
2021-04-14,1024.HK,快手-W,260.20001220703125,273.3999938964844,258.0,261.0,5673768
2021-04-15,1024.HK,快手-W,240.0,261.3999938964844,235.0,260.0,15966745
2021-04-16,1024.HK,快手-W,242.0,244.0,236.8000030517578,236.8000030517578,5198280
2021-04-19,1024.HK,快手-W,246.8000030517578,248.0,236.39999389648438,242.0,5356299
2021-04-20,1024.HK,快手-W,246.0,248.8000030517578,241.0,243.0,3187195
2021-04-21,1024.HK,快手-W,237.0,240.8000030517578,232.39999389648438,240.39999389648438,7760005
2021-04-22,1024.HK,快手-W,245.60000610351562,246.60000610351562,240.0,240.8000030517578,4918038
2021-04-23,1024.HK,快手-W,256.79998779296875,257.79998779296875,246.0,247.0,8040600
2021-04-26,1024.HK,快手-W,274.3999938964844,277.3999938964844,262.79998779296875,263.79998779296875,10670317
2021-04-27,1024.HK,快手-W,274.0,278.0,268.79998779296875,272.6000061035156,4475189
2021-04-28,1024.HK,快手-W,273.3999938964844,276.3999938964844,271.20001220703125,274.0,1748764
2021-04-29,1024.HK,快手-W,272.6000061035156,279.20001220703125,271.20001220703125,273.79998779296875,1707758
2021-04-30,1024.HK,快手-W,263.0,271.0,258.79998779296875,270.0,3936380
2021-05-03,1024.HK,快手-W,258.79998779296875,264.3999938964844,253.0,263.0,2489482
2021-05-04,1024.HK,快手-W,259.6000061035156,260.0,255.39999389648438,257.3999938964844,1172317
2021-05-05,1024.HK,快手-W,257.0,259.20001220703125,253.1999969482422,256.0,1847660
2021-05-06,1024.HK,快手-W,258.6000061035156,261.0,255.1999969482422,257.6000061035156,3411837
2021-05-07,1024.HK,快手-W,244.1999969482422,260.0,242.1999969482422,260.0,5671340
2021-05-10,1024.HK,快手-W,239.8000030517578,246.0,236.1999969482422,244.1999969482422,4166767
2021-05-11,1024.HK,快手-W,227.1999969482422,230.8000030517578,220.0,229.0,9878876
2021-05-12,1024.HK,快手-W,236.1999969482422,237.60000610351562,232.39999389648438,236.0,6226367
2021-05-13,1024.HK,快手-W,221.0,229.0,220.0,228.60000610351562,5941677
2021-05-14,1024.HK,快手-W,221.8000030517578,223.0,213.1999969482422,220.0,5333048
2021-05-17,1024.HK,快手-W,225.1999969482422,227.8000030517578,223.0,225.8000030517578,2223662
2021-05-18,1024.HK,快手-W,227.39999389648438,229.0,225.1999969482422,228.0,2206291
2021-05-20,1024.HK,快手-W,226.8000030517578,228.39999389648438,220.39999389648438,225.60000610351562,4323954
2021-05-21,1024.HK,快手-W,239.8000030517578,240.39999389648438,229.0,231.39999389648438,7799573
2021-05-24,1024.HK,快手-W,232.1999969482422,235.60000610351562,228.1999969482422,235.1999969482422,3614251
2021-05-25,1024.HK,快手-W,205.60000610351562,222.0,205.0,222.0,22334690
2021-05-26,1024.HK,快手-W,204.8000030517578,207.8000030517578,198.5,205.0,12732060
2021-05-27,1024.HK,快手-W,204.8000030517578,206.39999389648438,200.1999969482422,204.1999969482422,11821037
2021-05-28,1024.HK,快手-W,200.39999389648438,207.39999389648438,200.0,202.60000610351562,4358602
2021-05-31,1024.HK,快手-W,194.3000030517578,203.0,190.1999969482422,200.39999389648438,9411529
2021-06-01,1024.HK,快手-W,212.1999969482422,214.60000610351562,194.60000610351562,194.60000610351562,14516328
2021-06-02,1024.HK,快手-W,212.1999969482422,218.8000030517578,208.8000030517578,216.8000030517578,7241773
2021-06-03,1024.HK,快手-W,206.1999969482422,216.0,204.39999389648438,212.1999969482422,6740214
2021-06-04,1024.HK,快手-W,206.39999389648438,206.39999389648438,200.0,204.39999389648438,7211019
2021-06-07,1024.HK,快手-W,206.8000030517578,214.60000610351562,200.0,206.0,5583834
2021-06-08,1024.HK,快手-W,205.0,207.8000030517578,202.39999389648438,206.8000030517578,2511399
2021-06-09,1024.HK,快手-W,203.39999389648438,205.0,200.39999389648438,205.0,3786222
2021-06-10,1024.HK,快手-W,204.60000610351562,206.8000030517578,202.0,204.0,1937800
2021-06-11,1024.HK,快手-W,208.8000030517578,209.1999969482422,201.60000610351562,207.0,5637992
2021-06-15,1024.HK,快手-W,205.8000030517578,208.0,200.39999389648438,207.0,5027840
2021-06-16,1024.HK,快手-W,201.60000610351562,205.39999389648438,198.0,204.0,5832379
2021-06-17,1024.HK,快手-W,190.5,199.89999389648438,188.39999389648438,199.89999389648438,9962936
2021-06-18,1024.HK,快手-W,192.0,194.89999389648438,188.1999969482422,192.3000030517578,5225783
2021-06-21,1024.HK,快手-W,193.1999969482422,195.5,189.0,189.5,4146426
2021-06-22,1024.HK,快手-W,187.8000030517578,193.1999969482422,185.6999969482422,193.1999969482422,3838745
2021-06-23,1024.HK,快手-W,199.5,199.89999389648438,187.3000030517578,187.3000030517578,13166291
2021-06-24,1024.HK,快手-W,191.5,202.1999969482422,189.39999389648438,200.0,5319340
2021-06-25,1024.HK,快手-W,206.8000030517578,206.8000030517578,193.89999389648438,197.39999389648438,13243012
2021-06-28,1024.HK,快手-W,205.1999969482422,210.0,204.0,206.8000030517578,3574806
2021-06-29,1024.HK,快手-W,202.39999389648438,211.0,200.60000610351562,207.0,5927098
2021-06-30,1024.HK,快手-W,194.8000030517578,204.0,194.10000610351562,202.39999389648438,5324266
2021-07-02,1024.HK,快手-W,183.1999969482422,195.5,180.0,194.8000030517578,11438342
2021-07-05,1024.HK,快手-W,172.39999389648438,182.8000030517578,170.0,182.5,11222206
2021-07-06,1024.HK,快手-W,170.89999389648438,174.0,167.6999969482422,172.10000610351562,4752819
2021-07-07,1024.HK,快手-W,165.10000610351562,171.5,163.5,170.0,5995806
2021-07-08,1024.HK,快手-W,160.0,166.0,158.8000030517578,164.1999969482422,9514472
2021-07-09,1024.HK,快手-W,152.8000030517578,157.3000030517578,148.39999389648438,155.0,15702183
2021-07-12,1024.HK,快手-W,149.5,155.8000030517578,147.1999969482422,154.0,6144895
2021-07-13,1024.HK,快手-W,158.0,167.60000610351562,145.0,149.0,14626012
2021-07-14,1024.HK,快手-W,160.39999389648438,165.3000030517578,154.5,157.5,6347555
2021-07-15,1024.HK,快手-W,154.8000030517578,160.39999389648438,153.3000030517578,160.3000030517578,6508741
2021-07-16,1024.HK,快手-W,151.0,155.39999389648438,149.5,153.3000030517578,6722995
2021-07-19,1024.HK,快手-W,142.3000030517578,150.3000030517578,140.6999969482422,150.0,8500028
2021-07-20,1024.HK,快手-W,138.8000030517578,142.0,136.1999969482422,139.5,6998892
2021-07-21,1024.HK,快手-W,135.6999969482422,143.10000610351562,134.1999969482422,139.6999969482422,5166092
2021-07-22,1024.HK,快手-W,145.10000610351562,145.39999389648438,137.5,138.5,7346993
2021-07-23,1024.HK,快手-W,129.5,143.8000030517578,127.4000015258789,142.0,14476371
2021-07-26,1024.HK,快手-W,114.0,123.0,112.5999984741211,122.0999984741211,14966762
2021-07-27,1024.HK,快手-W,108.9000015258789,121.9000015258789,105.0,113.19999694824219,15246806
2021-07-28,1024.HK,快手-W,114.69999694824219,115.4000015258789,108.80000305175781,110.69999694824219,13745366
2021-07-29,1024.HK,快手-W,118.9000015258789,128.0,116.5,124.0,13606303
2021-07-30,1024.HK,快手-W,110.0999984741211,114.9000015258789,105.30000305175781,114.9000015258789,8553931
2021-08-02,1024.HK,快手-W,110.80000305175781,112.5999984741211,105.0,109.5,4051021
2021-08-03,1024.HK,快手-W,107.9000015258789,111.0999984741211,103.30000305175781,110.80000305175781,8402072
2021-08-04,1024.HK,快手-W,105.19999694824219,111.5999984741211,102.30000305175781,106.9000015258789,8731902
2021-08-05,1024.HK,快手-W,89.0999984741211,102.0,88.69999694824219,100.0,40995401
2021-08-06,1024.HK,快手-W,84.9000015258789,88.0,78.5999984741211,83.5999984741211,82653554
2021-08-09,1024.HK,快手-W,82.5,91.19999694824219,81.55000305175781,83.0,60177817
2021-08-10,1024.HK,快手-W,85.0,90.3499984741211,84.55000305175781,85.05000305175781,43300721
2021-08-11,1024.HK,快手-W,84.25,87.3499984741211,83.0,85.05000305175781,18001528
2021-08-12,1024.HK,快手-W,84.0999984741211,86.55000305175781,83.05000305175781,84.0,12298100
2021-08-13,1024.HK,快手-W,80.05000305175781,83.44999694824219,79.05000305175781,83.0,14681309
2021-08-16,1024.HK,快手-W,74.6500015258789,81.69999694824219,73.8499984741211,80.05000305175781,15431338
2021-08-17,1024.HK,快手-W,71.1500015258789,76.25,70.80000305175781,73.0,18137629
2021-08-18,1024.HK,快手-W,70.75,73.94999694824219,70.0,71.1500015258789,13902785
2021-08-19,1024.HK,快手-W,65.75,70.75,65.05000305175781,70.0,17813954
2021-08-20,1024.HK,快手-W,68.05000305175781,69.5,64.5,65.69999694824219,44793147
2021-08-23,1024.HK,快手-W,69.80000305175781,74.69999694824219,68.05000305175781,70.80000305175781,35466520
2021-08-24,1024.HK,快手-W,80.3499984741211,81.5,71.5999984741211,71.8499984741211,48298367
2021-08-25,1024.HK,快手-W,77.5,85.55000305175781,74.30000305175781,83.0,41479114
2021-08-26,1024.HK,快手-W,70.4000015258789,76.80000305175781,67.80000305175781,76.4000015258789,53044915
2021-08-27,1024.HK,快手-W,71.44999694824219,73.8499984741211,70.5999984741211,70.75,21149289
2021-08-30,1024.HK,快手-W,77.80000305175781,77.9000015258789,71.4000015258789,71.5,28686267
2021-08-31,1024.HK,快手-W,84.5,86.69999694824219,77.9000015258789,78.19999694824219,44209500
2021-09-01,1024.HK,快手-W,83.94999694824219,88.30000305175781,83.0,83.5,49031742
2021-09-02,1024.HK,快手-W,88.3499984741211,93.5,86.80000305175781,90.0,40913739
2021-09-03,1024.HK,快手-W,90.1500015258789,90.1500015258789,84.1500015258789,86.55000305175781,44578986
2021-09-06,1024.HK,快手-W,93.19999694824219,93.80000305175781,88.0,88.5,35933165
2021-09-07,1024.HK,快手-W,101.9000015258789,102.69999694824219,93.80000305175781,94.0,46379966
2021-09-08,1024.HK,快手-W,99.25,105.0,98.0,105.0,25301314
2021-09-09,1024.HK,快手-W,92.4000015258789,95.94999694824219,91.19999694824219,95.80000305175781,26185739
2021-09-10,1024.HK,快手-W,97.44999694824219,98.8499984741211,93.19999694824219,94.0,17768949
2021-09-13,1024.HK,快手-W,100.0999984741211,101.0,94.6500015258789,95.5999984741211,16652940
2021-09-14,1024.HK,快手-W,97.69999694824219,102.4000015258789,97.30000305175781,102.0,17959615
2021-09-15,1024.HK,快手-W,93.0999984741211,100.9000015258789,92.80000305175781,96.69999694824219,19554086
2021-09-16,1024.HK,快手-W,94.9000015258789,96.5999984741211,91.44999694824219,93.5,14487264
2021-09-17,1024.HK,快手-W,100.80000305175781,102.0,93.19999694824219,95.5999984741211,93674041
2021-09-20,1024.HK,快手-W,97.8499984741211,99.5,94.30000305175781,98.30000305175781,14939942
2021-09-21,1024.HK,快手-W,96.3499984741211,98.80000305175781,94.5,94.5,11974207
2021-09-23,1024.HK,快手-W,96.1500015258789,102.5,95.8499984741211,100.0,13728592
2021-09-24,1024.HK,快手-W,86.8499984741211,96.0,85.44999694824219,95.25,28437303
2021-09-27,1024.HK,快手-W,81.4000015258789,86.94999694824219,79.3499984741211,86.8499984741211,25855746
2021-09-28,1024.HK,快手-W,86.0,87.4000015258789,81.8499984741211,81.8499984741211,13749602
2021-09-29,1024.HK,快手-W,84.5999984741211,84.80000305175781,80.69999694824219,82.5999984741211,10125375
2021-09-30,1024.HK,快手-W,82.69999694824219,84.55000305175781,82.0,82.4000015258789,5594922
2021-10-04,1024.HK,快手-W,81.0999984741211,83.55000305175781,80.19999694824219,80.9000015258789,6139421
2021-10-05,1024.HK,快手-W,79.3499984741211,80.94999694824219,77.75,80.0,7326445
2021-10-06,1024.HK,快手-W,79.5,81.80000305175781,78.55000305175781,80.5,8847363
2021-10-07,1024.HK,快手-W,86.25,86.80000305175781,80.80000305175781,81.75,15607729
2021-10-08,1024.HK,快手-W,83.75,88.8499984741211,82.94999694824219,88.0,11417508
2021-10-11,1024.HK,快手-W,88.0,90.9000015258789,84.19999694824219,84.80000305175781,22579024
2021-10-12,1024.HK,快手-W,82.75,86.19999694824219,82.1500015258789,85.6500015258789,14031895
2021-10-15,1024.HK,快手-W,84.75,85.44999694824219,83.1500015258789,83.1500015258789,9386056
2021-10-18,1024.HK,快手-W,82.19999694824219,84.75,79.05000305175781,84.75,18188146
2021-10-19,1024.HK,快手-W,90.0,90.30000305175781,83.19999694824219,83.19999694824219,24853129
2021-10-20,1024.HK,快手-W,93.8499984741211,95.30000305175781,90.94999694824219,90.94999694824219,46139251
2021-10-21,1024.HK,快手-W,96.6500015258789,97.8499984741211,92.25,93.80000305175781,27713845
2021-10-22,1024.HK,快手-W,102.19999694824219,104.5,98.19999694824219,98.30000305175781,32098530
2021-10-25,1024.HK,快手-W,108.0,110.5,99.30000305175781,102.0,41453541
2021-10-26,1024.HK,快手-W,108.19999694824219,110.30000305175781,105.0,107.0999984741211,22124799
2021-10-27,1024.HK,快手-W,105.19999694824219,105.30000305175781,101.5,104.80000305175781,17842026
2021-10-28,1024.HK,快手-W,103.80000305175781,110.30000305175781,102.4000015258789,106.5999984741211,14148438
2021-10-29,1024.HK,快手-W,103.5,105.0,100.0999984741211,103.80000305175781,10679020
2021-11-01,1024.HK,快手-W,99.9000015258789,104.19999694824219,98.19999694824219,103.5999984741211,13883438
2021-11-02,1024.HK,快手-W,100.0,107.9000015258789,99.44999694824219,104.5999984741211,17731829
2021-11-03,1024.HK,快手-W,95.94999694824219,99.94999694824219,91.8499984741211,99.05000305175781,18621234
2021-11-04,1024.HK,快手-W,96.5999984741211,99.5999984741211,96.05000305175781,97.25,12307862
2021-11-05,1024.HK,快手-W,95.25,98.0999984741211,94.1500015258789,95.0,11091883
2021-11-08,1024.HK,快手-W,93.3499984741211,94.5,90.30000305175781,94.0999984741211,13711325
2021-11-09,1024.HK,快手-W,92.05000305175781,95.0,90.30000305175781,93.94999694824219,15246076
2021-11-10,1024.HK,快手-W,93.25,94.30000305175781,88.9000015258789,91.19999694824219,17371751
2021-11-11,1024.HK,快手-W,99.69999694824219,102.80000305175781,91.44999694824219,91.5999984741211,21405730
2021-11-12,1024.HK,快手-W,100.0,103.0,99.0,101.9000015258789,16908372
2021-11-15,1024.HK,快手-W,99.0,101.5999984741211,98.05000305175781,100.4000015258789,13143362
2021-11-16,1024.HK,快手-W,101.9000015258789,102.69999694824219,97.5,99.0,16506139
2021-11-17,1024.HK,快手-W,101.19999694824219,102.30000305175781,98.5999984741211,100.5999984741211,11545048
2021-11-18,1024.HK,快手-W,98.44999694824219,99.5,97.0,98.6500015258789,12564334
2021-11-19,1024.HK,快手-W,96.30000305175781,96.75,92.05000305175781,93.0,20316640
2021-11-22,1024.HK,快手-W,93.6500015258789,97.94999694824219,93.19999694824219,95.0,13547157
2021-11-23,1024.HK,快手-W,94.75,95.44999694824219,90.19999694824219,93.05000305175781,15938133
2021-11-24,1024.HK,快手-W,99.69999694824219,108.80000305175781,99.0999984741211,99.0999984741211,70834825
2021-11-25,1024.HK,快手-W,97.8499984741211,101.0,96.69999694824219,101.0,24495070
2021-11-26,1024.HK,快手-W,90.0,98.25,89.94999694824219,96.80000305175781,30940329
2021-11-29,1024.HK,快手-W,85.5,91.0,84.5999984741211,89.5,29474774
2021-11-30,1024.HK,快手-W,84.94999694824219,88.80000305175781,83.55000305175781,86.0,38995539
2021-12-01,1024.HK,快手-W,87.4000015258789,89.0999984741211,84.94999694824219,85.94999694824219,21850864
2021-12-02,1024.HK,快手-W,84.25,87.5,82.9000015258789,86.0,20605117
2021-12-03,1024.HK,快手-W,81.25,83.5,77.0999984741211,82.5,45034388
2021-12-06,1024.HK,快手-W,79.30000305175781,81.75,77.19999694824219,77.19999694824219,29493697
2021-12-07,1024.HK,快手-W,84.0,84.25,80.3499984741211,81.5,24827534
2021-12-08,1024.HK,快手-W,84.19999694824219,85.1500015258789,82.80000305175781,84.25,16304533
2021-12-09,1024.HK,快手-W,85.75,87.80000305175781,84.0,84.0,19829572
2021-12-10,1024.HK,快手-W,86.30000305175781,88.80000305175781,84.05000305175781,85.30000305175781,26515763
2021-12-13,1024.HK,快手-W,86.75,90.1500015258789,86.5999984741211,89.0,18800628
2021-12-14,1024.HK,快手-W,82.5,85.5999984741211,82.05000305175781,85.25,12775672
2021-12-15,1024.HK,快手-W,82.0999984741211,84.25,80.94999694824219,82.0,10286393
2021-12-16,1024.HK,快手-W,84.94999694824219,85.4000015258789,78.75,81.6500015258789,14880762
2021-12-17,1024.HK,快手-W,81.44999694824219,84.75,80.9000015258789,84.75,19392328
2021-12-20,1024.HK,快手-W,78.1500015258789,83.1500015258789,77.80000305175781,81.44999694824219,14923927
2021-12-21,1024.HK,快手-W,78.6500015258789,80.0999984741211,75.0999984741211,77.9000015258789,20619378
2021-12-22,1024.HK,快手-W,78.69999694824219,82.9000015258789,77.5,81.44999694824219,16929549
2021-12-23,1024.HK,快手-W,75.8499984741211,79.94999694824219,75.55000305175781,78.1500015258789,18119352
2021-12-24,1024.HK,快手-W,75.55000305175781,75.55000305175781,75.55000305175781,75.55000305175781,0
2021-12-28,1024.HK,快手-W,72.5,76.0,72.0999984741211,75.30000305175781,18038791
2021-12-29,1024.HK,快手-W,68.5,73.0,68.19999694824219,73.0,12594621
2021-12-30,1024.HK,快手-W,68.0999984741211,70.0,67.0999984741211,68.0,10989516
2021-12-31,1024.HK,快手-W,72.05000305175781,72.05000305175781,72.05000305175781,72.05000305175781,0
2022-01-03,1024.HK,快手-W,74.5999984741211,76.19999694824219,73.0,73.19999694824219,11151820
2022-01-04,1024.HK,快手-W,73.05000305175781,75.19999694824219,72.0999984741211,74.5999984741211,14559005
2022-01-05,1024.HK,快手-W,67.55000305175781,71.25,67.19999694824219,69.4000015258789,27058870
2022-01-06,1024.HK,快手-W,67.94999694824219,69.0,62.29999923706055,66.19999694824219,28983585
2022-01-07,1024.HK,快手-W,70.75,72.25,68.19999694824219,69.25,18719847
2022-01-10,1024.HK,快手-W,77.9000015258789,79.3499984741211,70.69999694824219,70.94999694824219,36108979
2022-01-11,1024.HK,快手-W,80.5,81.44999694824219,77.0999984741211,78.05000305175781,21117434
2022-01-12,1024.HK,快手-W,85.6500015258789,86.6500015258789,81.6500015258789,82.0,33823884
2022-01-13,1024.HK,快手-W,85.44999694824219,87.5,82.9000015258789,86.9000015258789,21389694
2022-01-14,1024.HK,快手-W,89.55000305175781,89.55000305175781,81.5,82.0999984741211,39206852
2022-01-17,1024.HK,快手-W,87.1500015258789,90.6500015258789,84.69999694824219,89.55000305175781,16163159
2022-01-18,1024.HK,快手-W,85.55000305175781,90.55000305175781,84.6500015258789,88.9000015258789,22200542
2022-01-19,1024.HK,快手-W,83.75,86.8499984741211,83.1500015258789,85.30000305175781,16472028
2022-01-20,1024.HK,快手-W,89.44999694824219,90.30000305175781,83.8499984741211,85.3499984741211,41730320
2022-01-21,1024.HK,快手-W,88.3499984741211,90.05000305175781,87.0,87.4000015258789,26534932
2022-01-24,1024.HK,快手-W,85.25,86.3499984741211,84.0999984741211,86.19999694824219,18395237
2022-01-25,1024.HK,快手-W,82.94999694824219,85.19999694824219,82.19999694824219,83.44999694824219,17098854
2022-01-26,1024.HK,快手-W,86.30000305175781,89.5,83.44999694824219,83.44999694824219,30674610
2022-01-27,1024.HK,快手-W,82.3499984741211,84.55000305175781,80.8499984741211,83.5999984741211,17220499
2022-01-28,1024.HK,快手-W,82.5,83.25,78.80000305175781,82.44999694824219,14894119
2022-01-31,1024.HK,快手-W,87.80000305175781,87.80000305175781,87.80000305175781,87.80000305175781,0
2022-02-04,1024.HK,快手-W,89.6500015258789,90.44999694824219,87.0999984741211,88.80000305175781,19347321
2022-02-07,1024.HK,快手-W,89.4000015258789,89.80000305175781,85.80000305175781,88.44999694824219,15373172
2022-02-08,1024.HK,快手-W,89.94999694824219,90.5,88.0,89.3499984741211,15305709
2022-02-09,1024.HK,快手-W,94.6500015258789,95.55000305175781,91.05000305175781,91.5999984741211,33166335
2022-02-10,1024.HK,快手-W,94.5,97.0,91.55000305175781,94.3499984741211,20542752
2022-02-11,1024.HK,快手-W,92.3499984741211,95.69999694824219,90.75,92.80000305175781,13735852
2022-02-14,1024.HK,快手-W,89.75,91.69999694824219,88.80000305175781,91.19999694824219,9824106
2022-02-15,1024.HK,快手-W,90.5999984741211,91.5,89.0,89.30000305175781,8386191
2022-02-16,1024.HK,快手-W,95.5999984741211,95.80000305175781,92.69999694824219,93.5,17895721
2022-02-17,1024.HK,快手-W,98.80000305175781,99.4000015258789,93.69999694824219,95.55000305175781,22168854
2022-02-18,1024.HK,快手-W,94.0,98.5999984741211,90.0,97.6500015258789,24444442
2022-02-21,1024.HK,快手-W,87.1500015258789,92.80000305175781,85.30000305175781,92.0,30733385
2022-02-22,1024.HK,快手-W,89.55000305175781,90.0,84.30000305175781,85.30000305175781,26770816
2022-02-23,1024.HK,快手-W,91.6500015258789,93.9000015258789,87.3499984741211,90.3499984741211,18152233
2022-02-24,1024.HK,快手-W,86.5,89.5999984741211,83.8499984741211,87.8499984741211,28325770
2022-02-25,1024.HK,快手-W,86.6500015258789,91.5,86.44999694824219,88.8499984741211,23560611
2022-02-28,1024.HK,快手-W,89.55000305175781,91.05000305175781,87.0,88.0,23961544
2022-03-01,1024.HK,快手-W,88.6500015258789,90.9000015258789,87.6500015258789,90.05000305175781,12161124
2022-03-02,1024.HK,快手-W,80.8499984741211,88.8499984741211,80.80000305175781,88.4000015258789,35019807
2022-03-03,1024.HK,快手-W,79.9000015258789,82.9000015258789,76.0,82.55000305175781,31373599
2022-03-04,1024.HK,快手-W,76.6500015258789,79.1500015258789,73.6500015258789,76.69999694824219,41741171
2022-03-07,1024.HK,快手-W,75.44999694824219,77.5,70.9000015258789,73.80000305175781,34989979
2022-03-08,1024.HK,快手-W,71.9000015258789,77.5,71.5999984741211,75.5999984741211,35448446
2022-03-09,1024.HK,快手-W,71.94999694824219,74.0,68.5,72.55000305175781,32094497
2022-03-10,1024.HK,快手-W,73.9000015258789,77.5,72.0,76.0,27235559
2022-03-11,1024.HK,快手-W,69.1500015258789,72.30000305175781,64.0,70.0,68209839
2022-03-14,1024.HK,快手-W,69.55000305175781,69.55000305175781,69.55000305175781,69.55000305175781,0
2022-03-15,1024.HK,快手-W,56.150001525878906,63.79999923706055,54.650001525878906,55.5,75824979
2022-03-16,1024.HK,快手-W,75.5999984741211,76.0,59.150001525878906,60.599998474121094,92689506
2022-03-17,1024.HK,快手-W,74.94999694824219,86.0,74.19999694824219,83.0,68087389
2022-03-18,1024.HK,快手-W,76.4000015258789,78.1500015258789,71.5999984741211,71.8499984741211,35454530
2022-03-21,1024.HK,快手-W,71.80000305175781,79.4000015258789,71.0,79.4000015258789,36409427
2022-03-22,1024.HK,快手-W,75.44999694824219,76.25,70.75,71.5,23492740
2022-03-23,1024.HK,快手-W,80.19999694824219,82.5,77.05000305175781,78.80000305175781,38758219
2022-03-24,1024.HK,快手-W,76.94999694824219,81.4000015258789,75.94999694824219,80.0,19865881
2022-03-25,1024.HK,快手-W,70.75,77.9000015258789,70.5999984741211,76.1500015258789,26261081
2022-03-28,1024.HK,快手-W,75.05000305175781,75.75,69.75,71.8499984741211,24723789
2022-03-29,1024.HK,快手-W,78.5,78.80000305175781,73.5999984741211,75.0,25980410
2022-03-30,1024.HK,快手-W,73.5999984741211,85.0,72.0,85.0,86476520
2022-03-31,1024.HK,快手-W,74.19999694824219,76.30000305175781,73.80000305175781,75.05000305175781,15732464
2022-04-01,1024.HK,快手-W,73.0999984741211,73.19999694824219,71.25,71.4000015258789,14761825
2022-04-04,1024.HK,快手-W,79.5,79.5999984741211,74.5,74.5,26428551
2022-04-06,1024.HK,快手-W,75.30000305175781,78.5,74.80000305175781,76.0,20690332
2022-04-07,1024.HK,快手-W,72.0,76.19999694824219,71.4000015258789,74.19999694824219,34234418
2022-04-08,1024.HK,快手-W,70.25,72.30000305175781,69.0999984741211,71.5,22699357
2022-04-11,1024.HK,快手-W,65.4000015258789,69.5,65.05000305175781,69.5,31223029
2022-04-12,1024.HK,快手-W,60.650001525878906,66.80000305175781,57.54999923706055,65.6500015258789,92432865
2022-04-13,1024.HK,快手-W,64.0,64.75,59.5,60.400001525878906,31382270
2022-04-14,1024.HK,快手-W,63.70000076293945,65.9000015258789,62.5,65.0,23540937
2022-04-19,1024.HK,快手-W,61.79999923706055,62.400001525878906,60.20000076293945,61.099998474121094,23594584
2022-04-20,1024.HK,快手-W,61.349998474121094,63.70000076293945,61.150001525878906,62.20000076293945,18168849
2022-04-21,1024.HK,快手-W,59.79999923706055,61.849998474121094,58.599998474121094,60.099998474121094,23884769
2022-04-22,1024.HK,快手-W,59.29999923706055,60.20000076293945,57.599998474121094,58.04999923706055,21764631
2022-04-25,1024.HK,快手-W,55.29999923706055,57.95000076293945,54.599998474121094,57.599998474121094,33492486
2022-04-26,1024.HK,快手-W,58.04999923706055,60.5,56.20000076293945,56.20000076293945,30314614
2022-04-27,1024.HK,快手-W,60.95000076293945,61.75,56.79999923706055,56.79999923706055,29232268
2022-04-28,1024.HK,快手-W,61.25,62.54999923706055,59.79999923706055,62.0,18323015
2022-04-29,1024.HK,快手-W,66.75,67.94999694824219,59.099998474121094,60.29999923706055,45593460
2022-05-03,1024.HK,快手-W,66.5,68.30000305175781,62.900001525878906,66.25,22809721
2022-05-04,1024.HK,快手-W,62.650001525878906,66.0,62.0,65.5,18574503
2022-05-05,1024.HK,快手-W,63.849998474121094,65.44999694824219,63.45000076293945,64.75,24484217
2022-05-06,1024.HK,快手-W,60.099998474121094,62.349998474121094,59.599998474121094,60.849998474121094,19827185
2022-05-10,1024.HK,快手-W,58.5,58.79999923706055,53.150001525878906,55.5,41542860
2022-05-11,1024.HK,快手-W,62.900001525878906,65.5,56.400001525878906,57.79999923706055,45022123
2022-05-12,1024.HK,快手-W,62.54999923706055,65.1500015258789,60.75,61.0,31791121
2022-05-13,1024.HK,快手-W,67.80000305175781,68.0,64.0999984741211,65.4000015258789,52844441
2022-05-16,1024.HK,快手-W,68.3499984741211,70.8499984741211,67.5,70.0,24542221
2022-05-17,1024.HK,快手-W,71.75,71.94999694824219,69.0,69.0,30543581
2022-05-18,1024.HK,快手-W,69.8499984741211,72.0,68.4000015258789,71.94999694824219,27538285
2022-05-19,1024.HK,快手-W,67.8499984741211,69.19999694824219,66.25,67.0,25582732
2022-05-20,1024.HK,快手-W,71.25,71.5,69.5999984741211,70.5,30329204
2022-05-23,1024.HK,快手-W,65.94999694824219,70.5999984741211,65.0,70.44999694824219,31962292
2022-05-24,1024.HK,快手-W,63.349998474121094,68.05000305175781,61.599998474121094,66.0,27260337
2022-05-25,1024.HK,快手-W,66.75,67.69999694824219,64.6500015258789,65.69999694824219,46387908
2022-05-26,1024.HK,快手-W,67.80000305175781,68.0999984741211,65.44999694824219,67.8499984741211,23953544
2022-05-27,1024.HK,快手-W,68.55000305175781,71.75,68.3499984741211,71.0,36268220
2022-05-30,1024.HK,快手-W,70.9000015258789,71.75,70.0999984741211,71.0,32222475
2022-05-31,1024.HK,快手-W,76.0,77.44999694824219,70.5,70.9000015258789,169062501
2022-06-01,1024.HK,快手-W,77.30000305175781,77.4000015258789,73.75,73.75,53470896
2022-06-02,1024.HK,快手-W,79.9000015258789,81.75,75.8499984741211,77.30000305175781,36151818
2022-06-06,1024.HK,快手-W,84.0,84.0999984741211,79.69999694824219,80.69999694824219,51484003
2022-06-07,1024.HK,快手-W,85.0,87.0,83.0999984741211,85.0,33850284
2022-06-08,1024.HK,快手-W,87.44999694824219,90.19999694824219,85.8499984741211,87.5999984741211,54044664
2022-06-09,1024.HK,快手-W,87.3499984741211,90.0,84.75,89.0999984741211,35486076
2022-06-10,1024.HK,快手-W,86.5,89.0999984741211,83.5,85.3499984741211,57574425
2022-06-13,1024.HK,快手-W,86.5,88.0,82.3499984741211,83.0,39267097
2022-06-14,1024.HK,快手-W,86.30000305175781,87.0,83.1500015258789,84.80000305175781,26571774
2022-06-15,1024.HK,快手-W,88.05000305175781,89.9000015258789,87.25,87.3499984741211,31394800
2022-06-16,1024.HK,快手-W,80.3499984741211,88.0,79.1500015258789,86.19999694824219,76670969
2022-06-17,1024.HK,快手-W,83.25,83.3499984741211,78.19999694824219,79.4000015258789,58465543
2022-06-20,1024.HK,快手-W,82.8499984741211,83.0999984741211,79.30000305175781,82.25,24511925
2022-06-21,1024.HK,快手-W,85.8499984741211,86.25,82.0999984741211,83.0,21380581
2022-06-22,1024.HK,快手-W,82.3499984741211,86.44999694824219,81.6500015258789,85.0,23575835
2022-06-23,1024.HK,快手-W,83.55000305175781,84.0,80.80000305175781,82.25,19916583
2022-06-24,1024.HK,快手-W,87.3499984741211,88.3499984741211,84.19999694824219,84.19999694824219,27271152
2022-06-27,1024.HK,快手-W,89.94999694824219,90.80000305175781,87.55000305175781,88.4000015258789,35579631
2022-06-28,1024.HK,快手-W,89.5999984741211,90.05000305175781,86.5,89.8499984741211,22509353
2022-06-29,1024.HK,快手-W,87.5,89.69999694824219,86.0,88.05000305175781,21933822
2022-06-30,1024.HK,快手-W,87.4000015258789,90.0,85.55000305175781,86.69999694824219,21504982
2022-07-04,1024.HK,快手-W,87.6500015258789,88.80000305175781,85.69999694824219,87.55000305175781,14697588
2022-07-05,1024.HK,快手-W,88.80000305175781,91.5,87.8499984741211,89.1500015258789,23019188
2022-07-06,1024.HK,快手-W,86.5999984741211,90.0,84.75,90.0,18934534
2022-07-07,1024.HK,快手-W,86.19999694824219,86.75,83.1500015258789,85.44999694824219,13259271
2022-07-08,1024.HK,快手-W,86.5999984741211,88.75,85.9000015258789,88.30000305175781,9296246
2022-07-11,1024.HK,快手-W,82.19999694824219,86.30000305175781,81.4000015258789,86.30000305175781,20950546
2022-07-12,1024.HK,快手-W,80.44999694824219,82.3499984741211,79.5999984741211,80.6500015258789,12879315
2022-07-13,1024.HK,快手-W,80.69999694824219,82.8499984741211,80.30000305175781,81.5,9798630
2022-07-14,1024.HK,快手-W,80.55000305175781,81.80000305175781,78.80000305175781,81.0,10512141
2022-07-15,1024.HK,快手-W,78.0,79.69999694824219,77.0999984741211,78.94999694824219,13045426
2022-07-18,1024.HK,快手-W,80.75,81.4000015258789,76.94999694824219,77.9000015258789,17497925
2022-07-19,1024.HK,快手-W,79.3499984741211,80.44999694824219,78.0999984741211,80.19999694824219,9615474
2022-07-20,1024.HK,快手-W,81.4000015258789,82.1500015258789,80.5,81.55000305175781,18375049
2022-07-21,1024.HK,快手-W,82.4000015258789,83.5,80.5,81.19999694824219,19166029
2022-07-22,1024.HK,快手-W,85.0999984741211,86.30000305175781,83.5,83.69999694824219,20813630
2022-07-25,1024.HK,快手-W,83.30000305175781,84.80000305175781,81.6500015258789,84.5999984741211,10003229
2022-07-26,1024.HK,快手-W,84.6500015258789,85.94999694824219,83.5,83.5,9796605
2022-07-27,1024.HK,快手-W,84.6500015258789,85.5,83.4000015258789,83.4000015258789,6885401
2022-07-28,1024.HK,快手-W,85.05000305175781,86.19999694824219,84.5999984741211,85.1500015258789,9689781
2022-07-29,1024.HK,快手-W,79.0,85.5,76.55000305175781,85.0999984741211,40831869
2022-08-01,1024.HK,快手-W,79.1500015258789,79.6500015258789,76.94999694824219,79.0,12234266
2022-08-02,1024.HK,快手-W,76.5,77.3499984741211,73.8499984741211,76.9000015258789,21920843
2022-08-03,1024.HK,快手-W,79.25,80.5,78.0999984741211,78.19999694824219,18955527
2022-08-04,1024.HK,快手-W,79.8499984741211,81.8499984741211,79.0,81.30000305175781,11310628
2022-08-05,1024.HK,快手-W,79.3499984741211,80.75,78.25,80.75,8492717
2022-08-08,1024.HK,快手-W,77.30000305175781,78.94999694824219,76.19999694824219,77.0999984741211,11022735
2022-08-09,1024.HK,快手-W,76.8499984741211,78.44999694824219,76.05000305175781,77.0,8405556
2022-08-10,1024.HK,快手-W,74.05000305175781,77.05000305175781,72.5999984741211,76.69999694824219,19154491
2022-08-11,1024.HK,快手-W,75.55000305175781,75.9000015258789,73.6500015258789,75.0999984741211,12128965
2022-08-12,1024.HK,快手-W,75.69999694824219,76.0,74.5999984741211,75.5999984741211,6718006
2022-08-15,1024.HK,快手-W,75.19999694824219,76.5,74.5,74.9000015258789,6023811
2022-08-16,1024.HK,快手-W,71.9000015258789,77.0999984741211,70.8499984741211,75.6500015258789,23697870
2022-08-17,1024.HK,快手-W,71.69999694824219,73.0,70.25,72.6500015258789,26161440
2022-08-18,1024.HK,快手-W,70.69999694824219,72.55000305175781,69.0999984741211,72.0,16897173
2022-08-19,1024.HK,快手-W,74.0,74.6500015258789,70.44999694824219,70.6500015258789,29336360
2022-08-22,1024.HK,快手-W,74.55000305175781,75.0999984741211,71.5999984741211,72.4000015258789,12526056
2022-08-23,1024.HK,快手-W,75.0999984741211,76.30000305175781,74.1500015258789,74.5999984741211,14623649
2022-08-24,1024.HK,快手-W,69.0,74.4000015258789,67.1500015258789,73.80000305175781,56096546
2022-08-25,1024.HK,快手-W,73.75,74.5999984741211,69.0999984741211,69.0999984741211,25054306
2022-08-26,1024.HK,快手-W,70.75,76.19999694824219,70.25,75.3499984741211,32715311
2022-08-29,1024.HK,快手-W,70.94999694824219,71.9000015258789,69.0,69.9000015258789,9595048
2022-08-30,1024.HK,快手-W,68.0,71.1500015258789,66.05000305175781,71.0999984741211,32588307
2022-08-31,1024.HK,快手-W,68.80000305175781,70.0,66.1500015258789,66.1500015258789,17828990
2022-09-01,1024.HK,快手-W,67.05000305175781,68.6500015258789,65.0999984741211,67.19999694824219,21127625
2022-09-02,1024.HK,快手-W,66.80000305175781,67.80000305175781,65.75,67.05000305175781,21232439
2022-09-05,1024.HK,快手-W,65.6500015258789,66.30000305175781,65.05000305175781,66.30000305175781,11738667
2022-09-06,1024.HK,快手-W,65.4000015258789,66.5999984741211,64.5,66.44999694824219,9282943
2022-09-07,1024.HK,快手-W,62.75,64.0,61.400001525878906,64.0,26528098
2022-09-08,1024.HK,快手-W,62.400001525878906,63.849998474121094,61.900001525878906,63.04999923706055,13971398
2022-09-09,1024.HK,快手-W,64.5,65.1500015258789,62.099998474121094,62.900001525878906,15987343
2022-09-13,1024.HK,快手-W,63.25,65.44999694824219,62.20000076293945,64.94999694824219,13589149
2022-09-14,1024.HK,快手-W,61.45000076293945,62.04999923706055,60.650001525878906,61.150001525878906,11646355
2022-09-15,1024.HK,快手-W,61.900001525878906,62.5,61.20000076293945,61.54999923706055,8480856
2022-09-16,1024.HK,快手-W,57.29999923706055,61.099998474121094,57.0,60.54999923706055,35762917
2022-09-19,1024.HK,快手-W,56.650001525878906,57.20000076293945,55.150001525878906,57.099998474121094,21890498
2022-09-20,1024.HK,快手-W,57.70000076293945,58.599998474121094,57.29999923706055,57.599998474121094,14154275
2022-09-21,1024.HK,快手-W,55.849998474121094,57.0,55.599998474121094,57.0,13165010
2022-09-22,1024.HK,快手-W,55.5,56.349998474121094,53.650001525878906,53.900001525878906,13473575
2022-09-23,1024.HK,快手-W,54.75,56.54999923706055,54.70000076293945,55.099998474121094,12770882
2022-09-26,1024.HK,快手-W,55.599998474121094,57.29999923706055,53.20000076293945,54.349998474121094,16359087
2022-09-27,1024.HK,快手-W,56.150001525878906,56.599998474121094,53.79999923706055,55.650001525878906,15937669
2022-09-28,1024.HK,快手-W,53.29999923706055,55.25,53.04999923706055,55.04999923706055,15733318
2022-09-29,1024.HK,快手-W,52.150001525878906,55.29999923706055,51.29999923706055,55.29999923706055,14196123
2022-09-30,1024.HK,快手-W,50.95000076293945,53.29999923706055,50.45000076293945,52.45000076293945,10661471
2022-10-03,1024.HK,快手-W,52.0,52.70000076293945,50.5,50.5,7395643
2022-10-05,1024.HK,快手-W,56.25,56.599998474121094,54.75,55.0,15154377
2022-10-06,1024.HK,快手-W,55.95000076293945,56.95000076293945,54.900001525878906,56.650001525878906,9232350
2022-10-07,1024.HK,快手-W,53.849998474121094,55.20000076293945,53.849998474121094,55.04999923706055,6658257
2022-10-10,1024.HK,快手-W,52.0,52.54999923706055,51.599998474121094,51.849998474121094,11212160
2022-10-11,1024.HK,快手-W,50.400001525878906,52.04999923706055,49.04999923706055,51.70000076293945,13090119
2022-10-12,1024.HK,快手-W,49.849998474121094,52.150001525878906,47.900001525878906,49.79999923706055,18895030
2022-10-13,1024.HK,快手-W,47.599998474121094,49.849998474121094,47.599998474121094,49.849998474121094,13406883
2022-10-14,1024.HK,快手-W,48.75,51.400001525878906,48.45000076293945,49.04999923706055,17189202
2022-10-17,1024.HK,快手-W,48.849998474121094,49.79999923706055,45.650001525878906,48.04999923706055,20835063
2022-10-18,1024.HK,快手-W,51.45000076293945,51.650001525878906,49.0,50.20000076293945,17303862
2022-10-19,1024.HK,快手-W,47.650001525878906,51.0,47.54999923706055,50.900001525878906,19138185
2022-10-20,1024.HK,快手-W,43.54999923706055,46.599998474121094,43.150001525878906,45.79999923706055,49805041
2022-10-21,1024.HK,快手-W,40.0,44.099998474121094,39.849998474121094,43.79999923706055,46403229
2022-10-24,1024.HK,快手-W,34.95000076293945,39.5,34.5,38.0,54055655
2022-10-25,1024.HK,快手-W,36.54999923706055,38.45000076293945,33.5,35.0,56369329
2022-10-26,1024.HK,快手-W,37.849998474121094,39.45000076293945,35.54999923706055,36.29999923706055,43640972
2022-10-27,1024.HK,快手-W,35.75,40.5,35.0,40.0,40799957
2022-10-28,1024.HK,快手-W,32.79999923706055,36.04999923706055,31.75,35.5,51572976
2022-10-31,1024.HK,快手-W,32.29999923706055,34.150001525878906,32.0,32.650001525878906,42108340
2022-11-01,1024.HK,快手-W,37.150001525878906,37.79999923706055,32.349998474121094,32.79999923706055,58607696
2022-11-02,1024.HK,快手-W,37.20000076293945,37.54999923706055,34.54999923706055,36.54999923706055,39130459
2022-11-03,1024.HK,快手-W,36.150001525878906,38.099998474121094,35.650001525878906,35.95000076293945,27111247
2022-11-04,1024.HK,快手-W,41.900001525878906,43.04999923706055,36.5,36.54999923706055,72084760
2022-11-07,1024.HK,快手-W,45.349998474121094,46.75,40.75,41.29999923706055,54355328
2022-11-08,1024.HK,快手-W,45.75,46.75,44.04999923706055,45.70000076293945,29840953
2022-11-09,1024.HK,快手-W,44.5,47.75,44.25,46.150001525878906,34180295
2022-11-10,1024.HK,快手-W,40.75,42.95000076293945,40.349998474121094,42.95000076293945,39867483
2022-11-11,1024.HK,快手-W,47.900001525878906,48.400001525878906,45.599998474121094,46.599998474121094,58947324
2022-11-14,1024.HK,快手-W,47.150001525878906,50.650001525878906,45.849998474121094,50.29999923706055,44360489
2022-11-15,1024.HK,快手-W,52.20000076293945,54.45000076293945,46.70000076293945,47.0,70933474
2022-11-16,1024.HK,快手-W,52.79999923706055,52.900001525878906,50.20000076293945,52.20000076293945,48173975
2022-11-17,1024.HK,快手-W,53.599998474121094,54.5,48.79999923706055,51.0,45126932
2022-11-18,1024.HK,快手-W,54.29999923706055,57.400001525878906,53.099998474121094,56.0,48280189
2022-11-21,1024.HK,快手-W,53.650001525878906,55.599998474121094,49.79999923706055,52.0,33716134
2022-11-22,1024.HK,快手-W,50.25,54.150001525878906,49.79999923706055,53.099998474121094,32658564
2022-11-23,1024.HK,快手-W,53.099998474121094,54.20000076293945,51.099998474121094,51.25,44351774
2022-11-24,1024.HK,快手-W,53.75,54.95000076293945,53.150001525878906,53.400001525878906,17048817
2022-11-25,1024.HK,快手-W,50.79999923706055,54.0,50.650001525878906,53.95000076293945,23385579
2022-11-28,1024.HK,快手-W,50.70000076293945,51.45000076293945,47.400001525878906,48.0,22053680
2022-11-29,1024.HK,快手-W,54.79999923706055,54.900001525878906,51.25,52.25,29349530
2022-11-30,1024.HK,快手-W,56.54999923706055,56.849998474121094,53.400001525878906,54.70000076293945,25674857
2022-12-01,1024.HK,快手-W,57.70000076293945,61.599998474121094,55.75,60.0,54382311
2022-12-02,1024.HK,快手-W,60.0,60.95000076293945,58.04999923706055,58.400001525878906,42187220
2022-12-05,1024.HK,快手-W,63.650001525878906,63.79999923706055,61.349998474121094,63.79999923706055,57747905
2022-12-06,1024.HK,快手-W,63.650001525878906,66.69999694824219,62.150001525878906,62.20000076293945,34271116
2022-12-07,1024.HK,快手-W,61.849998474121094,67.9000015258789,61.04999923706055,63.25,46482107
2022-12-08,1024.HK,快手-W,68.69999694824219,68.80000305175781,62.150001525878906,62.150001525878906,44125559
2022-12-09,1024.HK,快手-W,70.0999984741211,72.0,67.19999694824219,69.0,62791810
2022-12-12,1024.HK,快手-W,68.0,72.3499984741211,67.4000015258789,69.19999694824219,30653786
2022-12-13,1024.HK,快手-W,71.05000305175781,72.9000015258789,67.69999694824219,68.0,34347659
2022-12-14,1024.HK,快手-W,71.0,73.19999694824219,69.5,71.80000305175781,24723394
2022-12-15,1024.HK,快手-W,68.69999694824219,71.55000305175781,68.05000305175781,70.8499984741211,18719748
2022-12-16,1024.HK,快手-W,69.5,71.0,66.75,68.0,24986674
2022-12-19,1024.HK,快手-W,70.30000305175781,72.9000015258789,68.94999694824219,69.5,19469938
2022-12-20,1024.HK,快手-W,66.9000015258789,70.0,65.5,70.0,26582768
2022-12-21,1024.HK,快手-W,67.0999984741211,68.0999984741211,65.94999694824219,67.1500015258789,14074975
2022-12-22,1024.HK,快手-W,71.80000305175781,72.25,68.75,69.44999694824219,30303120
2022-12-23,1024.HK,快手-W,69.3499984741211,73.1500015258789,68.25,70.3499984741211,29153554
2022-12-28,1024.HK,快手-W,73.0999984741211,74.0,71.0,71.1500015258789,33092742
2022-12-29,1024.HK,快手-W,70.6500015258789,72.25,70.0999984741211,71.75,24517831
2022-12-30,1024.HK,快手-W,71.05000305175781,73.30000305175781,70.44999694824219,72.5,19282425
2023-01-03,1024.HK,快手-W,73.5999984741211,74.25,70.0999984741211,70.75,22687813
2023-01-04,1024.HK,快手-W,77.55000305175781,78.19999694824219,73.30000305175781,74.19999694824219,36302156
2023-01-05,1024.HK,快手-W,79.3499984741211,80.8499984741211,78.30000305175781,79.69999694824219,38861764
2023-01-06,1024.HK,快手-W,78.19999694824219,80.5999984741211,77.05000305175781,80.0,27446149
2023-01-09,1024.HK,快手-W,79.8499984741211,80.4000015258789,78.4000015258789,80.0,23582621
2023-01-10,1024.HK,快手-W,77.75,80.3499984741211,75.8499984741211,79.94999694824219,23566547
2023-01-11,1024.HK,快手-W,76.69999694824219,79.25,76.4000015258789,77.94999694824219,23811793
2023-01-12,1024.HK,快手-W,73.25,77.19999694824219,71.8499984741211,77.19999694824219,44263209
2023-01-13,1024.HK,快手-W,74.4000015258789,74.55000305175781,72.8499984741211,73.25,17739151
2023-01-16,1024.HK,快手-W,71.5,75.3499984741211,70.4000015258789,74.5,23110934
2023-01-17,1024.HK,快手-W,71.5,74.44999694824219,70.8499984741211,71.5,19724340
2023-01-18,1024.HK,快手-W,72.5,73.19999694824219,69.80000305175781,71.5,24396147
2023-01-19,1024.HK,快手-W,68.1500015258789,69.80000305175781,67.6500015258789,69.5999984741211,32539045
2023-01-20,1024.HK,快手-W,70.0999984741211,70.5,68.1500015258789,68.8499984741211,20863961
2023-01-26,1024.HK,快手-W,71.69999694824219,72.4000015258789,70.30000305175781,72.19999694824219,15777581
2023-01-27,1024.HK,快手-W,72.69999694824219,73.19999694824219,71.69999694824219,72.0,15916816
2023-01-30,1024.HK,快手-W,68.5999984741211,74.0,68.0999984741211,74.0,38323215
2023-01-31,1024.HK,快手-W,68.6500015258789,70.5,67.6500015258789,68.94999694824219,22774317
2023-02-01,1024.HK,快手-W,71.4000015258789,71.6500015258789,67.4000015258789,69.4000015258789,22377570
2023-02-02,1024.HK,快手-W,70.8499984741211,74.0,70.5,72.80000305175781,19889363
2023-02-03,1024.HK,快手-W,69.25,72.25,68.75,70.5,17847896
2023-02-06,1024.HK,快手-W,65.75,67.30000305175781,64.80000305175781,67.30000305175781,25755767
2023-02-07,1024.HK,快手-W,66.5999984741211,67.94999694824219,65.25,65.69999694824219,16119321
2023-02-08,1024.HK,快手-W,62.5,66.69999694824219,62.0,66.4000015258789,41228599
2023-02-09,1024.HK,快手-W,65.0,65.0,61.29999923706055,61.95000076293945,23135942
2023-02-10,1024.HK,快手-W,61.29999923706055,64.44999694824219,61.04999923706055,63.849998474121094,24818601
2023-02-13,1024.HK,快手-W,63.25,63.95000076293945,60.099998474121094,61.0,21704991
2023-02-14,1024.HK,快手-W,62.20000076293945,64.0,62.04999923706055,64.0,20510061
2023-02-15,1024.HK,快手-W,60.75,62.75,60.45000076293945,62.25,15733777
2023-02-16,1024.HK,快手-W,61.900001525878906,63.95000076293945,61.45000076293945,61.70000076293945,22061119
2023-02-17,1024.HK,快手-W,59.95000076293945,62.79999923706055,59.75,61.70000076293945,16377389
2023-02-20,1024.HK,快手-W,60.75,61.349998474121094,58.650001525878906,59.45000076293945,16883854
2023-02-21,1024.HK,快手-W,56.95000076293945,60.599998474121094,56.349998474121094,60.150001525878906,31618880
2023-02-22,1024.HK,快手-W,55.5,57.099998474121094,55.0,56.5,29490435
2023-02-23,1024.HK,快手-W,55.04999923706055,56.099998474121094,53.849998474121094,55.04999923706055,25845997
2023-02-24,1024.HK,快手-W,52.849998474121094,55.0,52.75,54.75,25071606
2023-02-27,1024.HK,快手-W,54.20000076293945,55.0,51.54999923706055,51.79999923706055,27128115
2023-02-28,1024.HK,快手-W,52.5,54.04999923706055,51.900001525878906,53.29999923706055,28583472
2023-03-01,1024.HK,快手-W,56.04999923706055,56.599998474121094,52.400001525878906,52.54999923706055,36986358
2023-03-02,1024.HK,快手-W,55.599998474121094,56.20000076293945,54.5,54.5,19120463
2023-03-03,1024.HK,快手-W,58.75,59.70000076293945,56.95000076293945,57.45000076293945,31036902
2023-03-06,1024.HK,快手-W,57.599998474121094,59.5,56.349998474121094,58.75,22402290
2023-03-07,1024.HK,快手-W,55.849998474121094,58.54999923706055,55.04999923706055,57.349998474121094,21669574
2023-03-08,1024.HK,快手-W,54.349998474121094,54.95000076293945,53.599998474121094,54.45000076293945,17473992
2023-03-09,1024.HK,快手-W,53.099998474121094,54.54999923706055,52.95000076293945,54.099998474121094,12068363
2023-03-10,1024.HK,快手-W,50.20000076293945,51.599998474121094,49.70000076293945,51.54999923706055,42677520
2023-03-13,1024.HK,快手-W,52.29999923706055,53.95000076293945,51.0,51.400001525878906,27349789
2023-03-14,1024.HK,快手-W,50.04999923706055,52.599998474121094,49.70000076293945,52.04999923706055,20626651
2023-03-15,1024.HK,快手-W,51.29999923706055,52.79999923706055,50.849998474121094,51.349998474121094,16523787
2023-03-16,1024.HK,快手-W,51.150001525878906,52.349998474121094,49.79999923706055,49.79999923706055,15907565
2023-03-17,1024.HK,快手-W,53.400001525878906,54.0,52.099998474121094,52.79999923706055,27353918
2023-03-20,1024.HK,快手-W,53.0,54.04999923706055,51.79999923706055,53.04999923706055,16609033
2023-03-21,1024.HK,快手-W,53.29999923706055,53.70000076293945,51.75,53.25,15408504
2023-03-22,1024.HK,快手-W,54.0,56.349998474121094,53.849998474121094,53.849998474121094,22144012
2023-03-23,1024.HK,快手-W,56.599998474121094,56.849998474121094,53.150001525878906,54.0,21760853
2023-03-24,1024.HK,快手-W,56.900001525878906,58.0,55.45000076293945,56.04999923706055,20418281
2023-03-27,1024.HK,快手-W,55.400001525878906,57.5,54.599998474121094,56.900001525878906,22736086
2023-03-28,1024.HK,快手-W,55.400001525878906,56.599998474121094,54.650001525878906,56.150001525878906,19259513
2023-03-29,1024.HK,快手-W,56.25,59.599998474121094,55.54999923706055,57.29999923706055,28552514
2023-03-30,1024.HK,快手-W,59.400001525878906,61.900001525878906,58.5,59.150001525878906,55892243
2023-03-31,1024.HK,快手-W,60.45000076293945,61.349998474121094,59.900001525878906,60.79999923706055,20004974
2023-04-03,1024.HK,快手-W,58.400001525878906,60.849998474121094,57.0,60.25,25997991
2023-04-04,1024.HK,快手-W,56.900001525878906,58.349998474121094,55.5,58.349998474121094,21341711
2023-04-06,1024.HK,快手-W,56.150001525878906,56.400001525878906,54.349998474121094,55.45000076293945,20597431
2023-04-11,1024.HK,快手-W,56.20000076293945,57.150001525878906,55.04999923706055,56.400001525878906,17652918
2023-04-12,1024.HK,快手-W,54.099998474121094,56.5,53.099998474121094,56.20000076293945,23031709
2023-04-13,1024.HK,快手-W,54.75,54.75,52.099998474121094,52.400001525878906,18095319
2023-04-14,1024.HK,快手-W,54.04999923706055,56.20000076293945,53.54999923706055,55.0,18069750
2023-04-17,1024.HK,快手-W,54.849998474121094,55.20000076293945,52.25,53.0,22468751
2023-04-18,1024.HK,快手-W,54.099998474121094,54.25,52.79999923706055,54.20000076293945,21252962
2023-04-19,1024.HK,快手-W,51.70000076293945,53.79999923706055,51.099998474121094,53.54999923706055,27991322
2023-04-20,1024.HK,快手-W,49.0,50.79999923706055,48.400001525878906,50.79999923706055,43458299
2023-04-21,1024.HK,快手-W,48.54999923706055,49.70000076293945,48.20000076293945,48.54999923706055,15863034
2023-04-24,1024.HK,快手-W,50.04999923706055,50.849998474121094,48.650001525878906,48.75,18628592
2023-04-25,1024.HK,快手-W,48.099998474121094,49.79999923706055,47.45000076293945,49.45000076293945,17103309
2023-04-26,1024.HK,快手-W,50.75,51.20000076293945,47.849998474121094,48.0,24426104
2023-04-27,1024.HK,快手-W,51.349998474121094,51.70000076293945,49.900001525878906,50.349998474121094,14197072
2023-04-28,1024.HK,快手-W,51.29999923706055,53.04999923706055,51.0,51.349998474121094,16516636
2023-05-02,1024.HK,快手-W,50.849998474121094,52.75,50.20000076293945,52.5,4842631
2023-05-03,1024.HK,快手-W,50.349998474121094,50.5,49.400001525878906,49.650001525878906,5963475
2023-05-04,1024.HK,快手-W,50.45000076293945,51.599998474121094,49.95000076293945,50.650001525878906,8713902
2023-05-05,1024.HK,快手-W,51.75,52.5,50.70000076293945,51.400001525878906,13168305
2023-05-08,1024.HK,快手-W,51.849998474121094,52.5,51.29999923706055,51.95000076293945,10318057
2023-05-09,1024.HK,快手-W,50.04999923706055,51.849998474121094,49.650001525878906,51.849998474121094,14158705
2023-05-10,1024.HK,快手-W,50.95000076293945,51.400001525878906,49.400001525878906,50.099998474121094,10885730
2023-05-11,1024.HK,快手-W,51.04999923706055,51.5,50.099998474121094,51.099998474121094,10823619
2023-05-12,1024.HK,快手-W,51.04999923706055,52.95000076293945,50.900001525878906,52.349998474121094,14210191
2023-05-15,1024.HK,快手-W,52.650001525878906,53.20000076293945,50.099998474121094,50.25,15372268
2023-05-16,1024.HK,快手-W,53.0,54.0,52.75,53.400001525878906,11646718
2023-05-17,1024.HK,快手-W,52.599998474121094,54.75,52.29999923706055,53.29999923706055,16840543
2023-05-18,1024.HK,快手-W,52.54999923706055,54.25,52.099998474121094,53.349998474121094,10266470
2023-05-19,1024.HK,快手-W,50.04999923706055,51.79999923706055,49.29999923706055,51.75,21427896
2023-05-22,1024.HK,快手-W,53.5,54.099998474121094,50.150001525878906,50.5,25695748
2023-05-23,1024.HK,快手-W,55.150001525878906,57.099998474121094,54.900001525878906,55.25,41019304
2023-05-24,1024.HK,快手-W,55.54999923706055,56.5,54.45000076293945,55.150001525878906,24657048
2023-05-25,1024.HK,快手-W,53.79999923706055,56.400001525878906,53.25,55.400001525878906,26187178
2023-05-29,1024.HK,快手-W,51.20000076293945,55.099998474121094,50.849998474121094,54.75,24896456
2023-05-30,1024.HK,快手-W,54.5,54.79999923706055,51.400001525878906,51.900001525878906,24168652
2023-05-31,1024.HK,快手-W,53.0,54.0,51.29999923706055,53.79999923706055,68326353
2023-06-01,1024.HK,快手-W,53.54999923706055,55.29999923706055,51.79999923706055,52.45000076293945,29763977
2023-06-02,1024.HK,快手-W,57.099998474121094,57.54999923706055,55.04999923706055,55.099998474121094,44509055
2023-06-05,1024.HK,快手-W,57.5,58.099998474121094,56.400001525878906,58.0,18240841
2023-06-06,1024.HK,快手-W,56.20000076293945,57.70000076293945,55.5,57.099998474121094,17404258
2023-06-07,1024.HK,快手-W,58.45000076293945,58.95000076293945,57.599998474121094,57.599998474121094,23952965
2023-06-08,1024.HK,快手-W,56.79999923706055,58.25,56.04999923706055,58.0,21462205
2023-06-09,1024.HK,快手-W,58.400001525878906,58.650001525878906,56.75,57.5,15916914
2023-06-12,1024.HK,快手-W,59.650001525878906,59.70000076293945,58.45000076293945,58.95000076293945,17042354
2023-06-13,1024.HK,快手-W,59.349998474121094,59.900001525878906,58.29999923706055,59.400001525878906,25243788
2023-06-14,1024.HK,快手-W,59.099998474121094,60.54999923706055,58.20000076293945,59.599998474121094,17572098
2023-06-15,1024.HK,快手-W,61.150001525878906,61.400001525878906,59.599998474121094,60.400001525878906,27539014
2023-06-16,1024.HK,快手-W,59.900001525878906,62.0,59.599998474121094,61.400001525878906,69257174
2023-06-19,1024.HK,快手-W,57.79999923706055,59.599998474121094,56.79999923706055,59.25,22453292
2023-06-20,1024.HK,快手-W,56.650001525878906,58.099998474121094,56.099998474121094,57.45000076293945,12524731
2023-06-21,1024.HK,快手-W,54.900001525878906,56.0,54.54999923706055,55.54999923706055,15227403
2023-06-23,1024.HK,快手-W,54.150001525878906,55.400001525878906,53.79999923706055,54.900001525878906,6362333
2023-06-26,1024.HK,快手-W,54.400001525878906,55.04999923706055,53.5,54.150001525878906,13876289
2023-06-27,1024.HK,快手-W,56.20000076293945,56.900001525878906,54.70000076293945,55.0,15335001
2023-06-28,1024.HK,快手-W,56.70000076293945,57.0,55.29999923706055,56.20000076293945,12233995
2023-06-29,1024.HK,快手-W,55.20000076293945,56.599998474121094,54.45000076293945,56.45000076293945,11838933
2023-06-30,1024.HK,快手-W,53.54999923706055,55.25,53.099998474121094,55.25,17087733
2023-07-03,1024.HK,快手-W,55.599998474121094,56.349998474121094,53.849998474121094,54.099998474121094,12692078
2023-07-04,1024.HK,快手-W,55.75,56.29999923706055,55.0,55.349998474121094,8455864
2023-07-05,1024.HK,快手-W,55.25,55.95000076293945,54.25,55.599998474121094,6103607
2023-07-06,1024.HK,快手-W,53.79999923706055,55.29999923706055,52.79999923706055,54.54999923706055,11852043
2023-07-07,1024.HK,快手-W,52.5,53.54999923706055,50.650001525878906,53.45000076293945,22183654
2023-07-10,1024.HK,快手-W,54.099998474121094,54.79999923706055,53.54999923706055,53.75,12229323
2023-07-11,1024.HK,快手-W,53.70000076293945,55.29999923706055,53.54999923706055,54.95000076293945,10188726
2023-07-12,1024.HK,快手-W,55.45000076293945,56.79999923706055,54.150001525878906,54.349998474121094,23830899
2023-07-13,1024.HK,快手-W,59.849998474121094,60.0,57.29999923706055,57.5,39894915
2023-07-14,1024.HK,快手-W,59.599998474121094,61.0,59.0,60.45000076293945,21399047
2023-07-18,1024.HK,快手-W,57.20000076293945,58.900001525878906,56.75,58.70000076293945,15543281
2023-07-19,1024.HK,快手-W,57.900001525878906,58.20000076293945,55.900001525878906,56.70000076293945,13486911
2023-07-20,1024.HK,快手-W,57.0,60.099998474121094,56.70000076293945,58.5,19175823
2023-07-21,1024.HK,快手-W,59.75,60.099998474121094,57.04999923706055,57.04999923706055,22698898
2023-07-24,1024.HK,快手-W,58.349998474121094,60.099998474121094,58.04999923706055,58.45000076293945,15183891
2023-07-25,1024.HK,快手-W,63.29999923706055,63.5,61.5,62.0,47233534
2023-07-26,1024.HK,快手-W,63.349998474121094,63.5,62.04999923706055,62.79999923706055,18048551
2023-07-27,1024.HK,快手-W,64.05000305175781,65.25,62.75,64.3499984741211,25791252
2023-07-28,1024.HK,快手-W,65.44999694824219,66.55000305175781,62.45000076293945,62.650001525878906,30021732
2023-07-31,1024.HK,快手-W,67.19999694824219,71.19999694824219,66.5999984741211,68.44999694824219,52731429
2023-08-01,1024.HK,快手-W,68.0,72.5,67.30000305175781,71.0,53774059
2023-08-02,1024.HK,快手-W,65.5999984741211,67.9000015258789,64.69999694824219,67.1500015258789,25115578
2023-08-03,1024.HK,快手-W,67.0,67.94999694824219,65.25,65.55000305175781,18358220
2023-08-04,1024.HK,快手-W,68.8499984741211,71.19999694824219,67.5999984741211,69.0999984741211,24430606
2023-08-07,1024.HK,快手-W,68.55000305175781,68.80000305175781,67.4000015258789,68.55000305175781,10816743
2023-08-08,1024.HK,快手-W,66.3499984741211,67.80000305175781,65.3499984741211,67.5999984741211,18791757
2023-08-09,1024.HK,快手-W,68.3499984741211,68.5999984741211,65.25,66.05000305175781,17768280
2023-08-10,1024.HK,快手-W,69.1500015258789,69.5,67.30000305175781,68.1500015258789,13416178
2023-08-11,1024.HK,快手-W,67.0999984741211,69.30000305175781,66.55000305175781,69.19999694824219,13075614
2023-08-14,1024.HK,快手-W,65.8499984741211,66.3499984741211,64.19999694824219,65.55000305175781,21279881
2023-08-15,1024.HK,快手-W,64.6500015258789,66.69999694824219,63.25,65.80000305175781,15924261
2023-08-16,1024.HK,快手-W,63.04999923706055,64.4000015258789,62.5,63.099998474121094,14953844
2023-08-17,1024.HK,快手-W,64.4000015258789,64.94999694824219,60.849998474121094,62.04999923706055,20594655
2023-08-18,1024.HK,快手-W,63.599998474121094,65.25,63.150001525878906,63.599998474121094,17104709
2023-08-21,1024.HK,快手-W,61.45000076293945,63.599998474121094,61.0,62.45000076293945,21425450
2023-08-22,1024.HK,快手-W,62.5,63.349998474121094,60.20000076293945,62.04999923706055,22102602
2023-08-23,1024.HK,快手-W,64.4000015258789,65.5,60.400001525878906,62.599998474121094,33349955
2023-08-24,1024.HK,快手-W,67.9000015258789,68.25,64.6500015258789,64.6500015258789,33909040
2023-08-25,1024.HK,快手-W,65.25,67.9000015258789,65.19999694824219,66.6500015258789,24489382
2023-08-28,1024.HK,快手-W,66.44999694824219,69.19999694824219,66.0,69.0,19920042
2023-08-29,1024.HK,快手-W,68.6500015258789,69.0,66.9000015258789,67.0,22131805
2023-08-30,1024.HK,快手-W,64.94999694824219,69.5999984741211,64.44999694824219,69.30000305175781,40491475
2023-08-31,1024.HK,快手-W,64.19999694824219,66.4000015258789,63.79999923706055,65.80000305175781,27263500
2023-09-04,1024.HK,快手-W,65.5,66.94999694824219,64.8499984741211,66.05000305175781,36964735
2023-09-05,1024.HK,快手-W,65.0,65.9000015258789,64.5999984741211,65.0999984741211,15876722
2023-09-06,1024.HK,快手-W,65.6500015258789,65.94999694824219,64.19999694824219,64.4000015258789,18140835
2023-09-07,1024.HK,快手-W,64.30000305175781,65.5,63.849998474121094,65.5,11964159
2023-09-11,1024.HK,快手-W,65.0,65.5999984741211,61.70000076293945,62.25,21216283
2023-09-12,1024.HK,快手-W,64.5,65.44999694824219,63.849998474121094,64.25,9480935
2023-09-13,1024.HK,快手-W,64.30000305175781,65.30000305175781,63.650001525878906,64.9000015258789,9692343
2023-09-14,1024.HK,快手-W,64.9000015258789,65.0999984741211,64.05000305175781,64.80000305175781,7601768
2023-09-15,1024.HK,快手-W,65.1500015258789,65.75,63.75,65.6500015258789,18336686
2023-09-18,1024.HK,快手-W,63.70000076293945,64.94999694824219,63.5,64.1500015258789,11506747
2023-09-19,1024.HK,快手-W,63.599998474121094,63.95000076293945,62.5,63.75,11919251
2023-09-20,1024.HK,快手-W,61.900001525878906,63.599998474121094,60.849998474121094,63.599998474121094,20104436
2023-09-21,1024.HK,快手-W,60.400001525878906,60.849998474121094,59.400001525878906,60.849998474121094,19381159
2023-09-22,1024.HK,快手-W,63.5,63.849998474121094,60.04999923706055,60.099998474121094,21549317
2023-09-25,1024.HK,快手-W,61.849998474121094,63.5,61.599998474121094,62.29999923706055,10853752
2023-09-26,1024.HK,快手-W,61.0,61.900001525878906,60.349998474121094,61.900001525878906,16951340
2023-09-27,1024.HK,快手-W,62.099998474121094,63.20000076293945,61.25,61.29999923706055,12169352
2023-09-28,1024.HK,快手-W,62.04999923706055,62.599998474121094,61.349998474121094,62.04999923706055,11583103
2023-09-29,1024.HK,快手-W,62.849998474121094,63.599998474121094,61.849998474121094,62.849998474121094,7633954
2023-10-03,1024.HK,快手-W,62.599998474121094,62.849998474121094,61.04999923706055,61.849998474121094,6522399
2023-10-04,1024.HK,快手-W,61.25,62.599998474121094,61.099998474121094,62.599998474121094,4654460
2023-10-05,1024.HK,快手-W,60.849998474121094,62.04999923706055,60.849998474121094,61.400001525878906,4873185
2023-10-06,1024.HK,快手-W,61.900001525878906,62.400001525878906,61.150001525878906,62.0,4465494
2023-10-09,1024.HK,快手-W,62.5,63.20000076293945,61.150001525878906,61.150001525878906,5307805
2023-10-10,1024.HK,快手-W,63.900001525878906,65.0999984741211,63.25,63.400001525878906,15109359
2023-10-11,1024.HK,快手-W,64.3499984741211,65.4000015258789,63.20000076293945,65.0999984741211,14405731
2023-10-12,1024.HK,快手-W,65.0,65.69999694824219,64.5999984741211,65.0,16348983
2023-10-13,1024.HK,快手-W,63.400001525878906,65.0,63.04999923706055,63.150001525878906,13135841
2023-10-16,1024.HK,快手-W,62.45000076293945,63.79999923706055,61.79999923706055,63.099998474121094,14135644
2023-10-17,1024.HK,快手-W,61.54999923706055,63.45000076293945,61.0,63.349998474121094,17405300
2023-10-18,1024.HK,快手-W,56.04999923706055,61.54999923706055,55.75,61.04999923706055,43349735
2023-10-19,1024.HK,快手-W,56.099998474121094,57.54999923706055,54.79999923706055,55.5,26202047
2023-10-20,1024.HK,快手-W,56.54999923706055,57.25,55.29999923706055,55.5,16838915
2023-10-24,1024.HK,快手-W,53.650001525878906,56.849998474121094,52.54999923706055,56.54999923706055,30150569
2023-10-25,1024.HK,快手-W,51.54999923706055,56.849998474121094,50.5,56.25,42431094
2023-10-26,1024.HK,快手-W,52.150001525878906,53.150001525878906,50.79999923706055,51.54999923706055,19002720
2023-10-27,1024.HK,快手-W,51.95000076293945,52.70000076293945,51.04999923706055,52.400001525878906,18144562
2023-10-30,1024.HK,快手-W,50.0,52.0,49.45000076293945,51.349998474121094,38307518
2023-10-31,1024.HK,快手-W,50.349998474121094,50.650001525878906,49.599998474121094,50.150001525878906,17078182
2023-11-01,1024.HK,快手-W,51.349998474121094,51.75,50.400001525878906,50.599998474121094,15452918
2023-11-02,1024.HK,快手-W,51.79999923706055,52.95000076293945,51.45000076293945,51.95000076293945,15002820
2023-11-03,1024.HK,快手-W,54.79999923706055,55.20000076293945,52.099998474121094,52.29999923706055,23751041
2023-11-06,1024.HK,快手-W,58.70000076293945,58.79999923706055,56.75,57.5,30772800
2023-11-07,1024.HK,快手-W,57.849998474121094,58.150001525878906,56.650001525878906,57.5,16361977
2023-11-08,1024.HK,快手-W,57.400001525878906,59.25,57.150001525878906,58.0,17770813
2023-11-09,1024.HK,快手-W,57.45000076293945,58.20000076293945,57.0,58.0,7855507
2023-11-10,1024.HK,快手-W,54.599998474121094,56.849998474121094,54.29999923706055,56.849998474121094,18208011
2023-11-13,1024.HK,快手-W,57.25,57.349998474121094,55.0,55.20000076293945,17802703
2023-11-14,1024.HK,快手-W,56.400001525878906,57.95000076293945,55.54999923706055,57.849998474121094,13214219
2023-11-15,1024.HK,快手-W,58.25,58.95000076293945,57.0,58.95000076293945,25526210
2023-11-16,1024.HK,快手-W,60.0,61.0,59.04999923706055,61.0,35007149
2023-11-17,1024.HK,快手-W,58.599998474121094,59.70000076293945,58.29999923706055,58.650001525878906,18913638
2023-11-20,1024.HK,快手-W,60.099998474121094,60.5,58.099998474121094,59.349998474121094,18347726
2023-11-21,1024.HK,快手-W,58.5,62.25,58.04999923706055,60.79999923706055,30133813
2023-11-22,1024.HK,快手-W,60.20000076293945,61.650001525878906,58.5,58.75,29757654
2023-11-23,1024.HK,快手-W,60.70000076293945,60.900001525878906,59.54999923706055,60.20000076293945,11945465
2023-11-24,1024.HK,快手-W,59.25,60.70000076293945,59.150001525878906,60.70000076293945,9615943
2023-11-27,1024.HK,快手-W,58.599998474121094,60.04999923706055,57.599998474121094,59.95000076293945,11362068
2023-11-28,1024.HK,快手-W,56.29999923706055,59.04999923706055,55.599998474121094,59.04999923706055,27637361
2023-11-29,1024.HK,快手-W,56.95000076293945,57.150001525878906,54.900001525878906,56.849998474121094,19634801
2023-11-30,1024.HK,快手-W,57.70000076293945,58.0,56.099998474121094,57.20000076293945,17042743
2023-12-01,1024.HK,快手-W,57.20000076293945,57.95000076293945,56.29999923706055,57.70000076293945,26761931
2023-12-04,1024.HK,快手-W,54.95000076293945,57.20000076293945,54.5,57.0,21292293
2023-12-05,1024.HK,快手-W,53.95000076293945,54.900001525878906,53.04999923706055,54.900001525878906,17049447
2023-12-06,1024.HK,快手-W,55.150001525878906,55.45000076293945,53.0,54.0,15397659
2023-12-07,1024.HK,快手-W,54.150001525878906,54.900001525878906,53.099998474121094,54.900001525878906,16068117
2023-12-08,1024.HK,快手-W,53.849998474121094,55.150001525878906,53.04999923706055,54.5,15639290
2023-12-11,1024.HK,快手-W,53.04999923706055,53.400001525878906,51.79999923706055,52.5,17151983
2023-12-12,1024.HK,快手-W,54.79999923706055,55.25,52.599998474121094,53.04999923706055,16327460
2023-12-13,1024.HK,快手-W,54.29999923706055,54.849998474121094,53.5,54.70000076293945,9735457
2023-12-14,1024.HK,快手-W,53.95000076293945,56.5,53.349998474121094,55.54999923706055,14505600
2023-12-15,1024.HK,快手-W,55.20000076293945,56.29999923706055,54.54999923706055,55.400001525878906,20366246
2023-12-18,1024.HK,快手-W,54.849998474121094,56.04999923706055,54.54999923706055,55.20000076293945,11844327
2023-12-19,1024.HK,快手-W,54.79999923706055,55.400001525878906,54.099998474121094,54.849998474121094,10681977
2023-12-20,1024.HK,快手-W,54.45000076293945,56.099998474121094,54.150001525878906,55.5,9338624
2023-12-21,1024.HK,快手-W,54.0,54.400001525878906,53.099998474121094,53.70000076293945,7946787
2023-12-22,1024.HK,快手-W,50.099998474121094,55.29999923706055,48.95000076293945,54.70000076293945,49440456
2023-12-27,1024.HK,快手-W,50.54999923706055,51.79999923706055,50.150001525878906,51.45000076293945,17543346
2023-12-28,1024.HK,快手-W,52.5,53.099998474121094,49.349998474121094,50.20000076293945,26408259
2023-12-29,1024.HK,快手-W,52.95000076293945,53.45000076293945,51.900001525878906,52.75,11968531
2024-01-02,1024.HK,快手-W,52.0,54.349998474121094,51.45000076293945,54.0,11759630
2024-01-03,1024.HK,快手-W,52.099998474121094,52.25,50.599998474121094,51.45000076293945,9869391
2024-01-04,1024.HK,快手-W,51.20000076293945,52.29999923706055,50.849998474121094,52.29999923706055,10409899
2024-01-05,1024.HK,快手-W,50.349998474121094,51.25,49.900001525878906,50.79999923706055,11884593
2024-01-08,1024.HK,快手-W,49.20000076293945,51.0,48.95000076293945,51.0,12882623
2024-01-09,1024.HK,快手-W,47.54999923706055,50.0,47.25,49.400001525878906,17059850
2024-01-10,1024.HK,快手-W,48.349998474121094,48.5,46.20000076293945,47.0,11307525
2024-01-11,1024.HK,快手-W,48.79999923706055,49.54999923706055,47.599998474121094,47.95000076293945,14869917
2024-01-12,1024.HK,快手-W,48.25,49.25,47.95000076293945,48.54999923706055,6820274
2024-01-15,1024.HK,快手-W,48.099998474121094,48.099998474121094,48.099998474121094,48.099998474121094,0
2024-01-16,1024.HK,快手-W,45.95000076293945,47.150001525878906,45.5,46.04999923706055,14807545
2024-01-17,1024.HK,快手-W,43.099998474121094,45.29999923706055,42.650001525878906,45.29999923706055,29199791
2024-01-18,1024.HK,快手-W,43.04999923706055,43.54999923706055,42.29999923706055,43.349998474121094,20908808
2024-01-19,1024.HK,快手-W,41.54999923706055,44.099998474121094,41.0,43.0,26725007
2024-01-22,1024.HK,快手-W,41.0,42.54999923706055,40.54999923706055,41.79999923706055,21763868
2024-01-23,1024.HK,快手-W,42.349998474121094,43.29999923706055,40.79999923706055,41.04999923706055,19316111
2024-01-24,1024.HK,快手-W,44.650001525878906,45.099998474121094,42.650001525878906,43.54999923706055,30183755
2024-01-25,1024.HK,快手-W,44.599998474121094,45.0,43.29999923706055,44.650001525878906,21845232
2024-01-26,1024.HK,快手-W,42.70000076293945,44.45000076293945,42.45000076293945,44.45000076293945,22611306
2024-01-29,1024.HK,快手-W,42.45000076293945,43.54999923706055,41.95000076293945,42.599998474121094,17534378
2024-01-30,1024.HK,快手-W,40.5,41.70000076293945,40.29999923706055,41.54999923706055,19814483
2024-01-31,1024.HK,快手-W,39.099998474121094,40.70000076293945,38.79999923706055,40.70000076293945,17379154
2024-02-01,1024.HK,快手-W,41.099998474121094,41.45000076293945,39.150001525878906,39.150001525878906,17943678
2024-02-02,1024.HK,快手-W,39.849998474121094,42.650001525878906,39.650001525878906,42.20000076293945,20219060
2024-02-05,1024.HK,快手-W,40.099998474121094,41.29999923706055,38.400001525878906,39.5,16897423
2024-02-06,1024.HK,快手-W,43.70000076293945,43.95000076293945,40.099998474121094,40.099998474121094,26393272
2024-02-07,1024.HK,快手-W,43.20000076293945,45.20000076293945,42.75,44.04999923706055,32427373
2024-02-08,1024.HK,快手-W,42.75,44.099998474121094,42.400001525878906,43.25,15476129
2024-02-09,1024.HK,快手-W,42.400001525878906,42.400001525878906,42.400001525878906,42.400001525878906,0
2024-02-14,1024.HK,快手-W,43.599998474121094,43.75,40.54999923706055,40.54999923706055,8761291
2024-02-15,1024.HK,快手-W,44.150001525878906,44.349998474121094,42.79999923706055,43.5,9422637
2024-02-16,1024.HK,快手-W,45.099998474121094,45.5,43.5,43.95000076293945,10132941
2024-02-19,1024.HK,快手-W,43.54999923706055,44.54999923706055,43.400001525878906,44.54999923706055,13184809
2024-02-20,1024.HK,快手-W,44.20000076293945,44.45000076293945,43.0,44.150001525878906,9200294
2024-02-21,1024.HK,快手-W,45.54999923706055,47.150001525878906,43.70000076293945,43.900001525878906,21998767
2024-02-22,1024.HK,快手-W,46.29999923706055,46.29999923706055,44.79999923706055,45.5,10519127
2024-02-23,1024.HK,快手-W,45.900001525878906,47.099998474121094,45.400001525878906,45.70000076293945,10229335
2024-02-26,1024.HK,快手-W,46.04999923706055,46.54999923706055,45.099998474121094,45.349998474121094,9073405
2024-02-27,1024.HK,快手-W,45.75,46.650001525878906,44.20000076293945,46.150001525878906,16071221
2024-02-28,1024.HK,快手-W,44.400001525878906,46.54999923706055,44.25,45.75,14104725
2024-02-29,1024.HK,快手-W,44.5,45.25,43.849998474121094,43.95000076293945,15095899
2024-03-01,1024.HK,快手-W,44.650001525878906,45.25,43.25,43.79999923706055,22068307
2024-03-04,1024.HK,快手-W,44.95000076293945,45.599998474121094,43.5,45.099998474121094,20858539
2024-03-05,1024.HK,快手-W,43.150001525878906,44.45000076293945,43.04999923706055,44.25,16797960
2024-03-06,1024.HK,快手-W,46.25,46.599998474121094,43.04999923706055,43.20000076293945,31918462
2024-03-07,1024.HK,快手-W,45.79999923706055,47.45000076293945,45.29999923706055,46.599998474121094,24062433
2024-03-08,1024.HK,快手-W,46.70000076293945,47.5,45.5,45.5,19150440
2024-03-11,1024.HK,快手-W,48.45000076293945,48.900001525878906,46.650001525878906,46.70000076293945,19842801
2024-03-12,1024.HK,快手-W,51.349998474121094,52.150001525878906,48.75,49.0,42801132
2024-03-13,1024.HK,快手-W,52.04999923706055,53.599998474121094,51.150001525878906,51.349998474121094,30023438
2024-03-14,1024.HK,快手-W,50.849998474121094,52.75,50.25,51.849998474121094,25898611
2024-03-15,1024.HK,快手-W,50.650001525878906,50.95000076293945,48.599998474121094,49.599998474121094,30680220
2024-03-18,1024.HK,快手-W,52.849998474121094,53.25,49.79999923706055,49.79999923706055,28891580
2024-03-19,1024.HK,快手-W,51.849998474121094,53.099998474121094,51.25,52.349998474121094,18821471
2024-03-20,1024.HK,快手-W,52.25,52.5,50.75,51.79999923706055,14299669
2024-03-21,1024.HK,快手-W,51.25,55.45000076293945,50.650001525878906,53.45000076293945,52067187
2024-03-22,1024.HK,快手-W,49.0,50.849998474121094,48.650001525878906,50.5,24553896
2024-03-25,1024.HK,快手-W,48.599998474121094,50.0,48.150001525878906,49.04999923706055,20194685
2024-03-26,1024.HK,快手-W,48.900001525878906,49.5,48.5,49.0,16199735
2024-03-27,1024.HK,快手-W,47.95000076293945,49.04999923706055,47.25,48.0,24876133
2024-03-28,1024.HK,快手-W,49.04999923706055,50.54999923706055,47.849998474121094,47.95000076293945,38069019
2024-04-02,1024.HK,快手-W,50.04999923706055,51.45000076293945,49.650001525878906,50.349998474121094,20628102
2024-04-03,1024.HK,快手-W,49.20000076293945,50.5,48.95000076293945,50.25,16926032
2024-04-05,1024.HK,快手-W,49.650001525878906,49.95000076293945,48.900001525878906,49.5,9204689
2024-04-08,1024.HK,快手-W,49.650001525878906,50.900001525878906,48.849998474121094,49.54999923706055,18749443
2024-04-09,1024.HK,快手-W,49.599998474121094,50.45000076293945,49.099998474121094,50.0,11213042
2024-04-10,1024.HK,快手-W,50.099998474121094,51.45000076293945,49.75,50.29999923706055,26114252
2024-04-11,1024.HK,快手-W,49.650001525878906,50.04999923706055,48.5,49.20000076293945,17052763
2024-04-12,1024.HK,快手-W,49.150001525878906,49.95000076293945,48.54999923706055,49.349998474121094,18664500
2024-04-15,1024.HK,快手-W,48.75,49.0,47.04999923706055,48.099998474121094,18631306
2024-04-16,1024.HK,快手-W,47.099998474121094,48.099998474121094,46.150001525878906,47.54999923706055,24771572
2024-04-17,1024.HK,快手-W,45.650001525878906,47.400001525878906,45.0,46.650001525878906,21892386
2024-04-18,1024.HK,快手-W,45.849998474121094,46.650001525878906,44.849998474121094,45.349998474121094,14541685
2024-04-19,1024.HK,快手-W,44.349998474121094,45.400001525878906,44.0,45.150001525878906,19851514
2024-04-22,1024.HK,快手-W,45.20000076293945,46.400001525878906,44.5,45.650001525878906,21640157
2024-04-23,1024.HK,快手-W,49.099998474121094,49.5,45.25,45.25,38580989
2024-04-24,1024.HK,快手-W,53.099998474121094,53.900001525878906,49.849998474121094,50.0,64907580
2024-04-25,1024.HK,快手-W,52.79999923706055,54.349998474121094,52.0,53.20000076293945,27777890
2024-04-26,1024.HK,快手-W,56.5,56.79999923706055,52.400001525878906,52.79999923706055,46622637
2024-04-29,1024.HK,快手-W,56.70000076293945,58.0,55.45000076293945,56.599998474121094,44739430
2024-04-30,1024.HK,快手-W,55.95000076293945,57.25,55.650001525878906,56.79999923706055,22173016
2024-05-02,1024.HK,快手-W,59.20000076293945,59.400001525878906,55.54999923706055,55.95000076293945,23509072
2024-05-03,1024.HK,快手-W,62.20000076293945,63.0,60.599998474121094,63.0,39382322
2024-05-06,1024.HK,快手-W,61.95000076293945,63.349998474121094,60.5,63.0,33921419
2024-05-07,1024.HK,快手-W,59.0,62.599998474121094,58.5,62.599998474121094,39816554
2024-05-08,1024.HK,快手-W,57.0,59.54999923706055,56.599998474121094,59.150001525878906,47410517
2024-05-09,1024.HK,快手-W,57.849998474121094,58.75,57.0,57.099998474121094,26033300
2024-05-10,1024.HK,快手-W,56.75,60.099998474121094,55.5,59.099998474121094,45696496
2024-05-13,1024.HK,快手-W,57.099998474121094,57.70000076293945,55.400001525878906,56.099998474121094,36750214
2024-05-14,1024.HK,快手-W,57.5,60.400001525878906,57.25,58.79999923706055,47104109
2024-05-16,1024.HK,快手-W,58.150001525878906,58.5,56.099998474121094,58.0,42329615
2024-05-17,1024.HK,快手-W,58.20000076293945,60.79999923706055,57.29999923706055,59.5,38540387
2024-05-20,1024.HK,快手-W,59.150001525878906,60.20000076293945,57.599998474121094,57.70000076293945,36180902
2024-05-21,1024.HK,快手-W,56.900001525878906,59.400001525878906,56.5,59.099998474121094,34704808
2024-05-22,1024.HK,快手-W,58.150001525878906,60.0,56.54999923706055,57.0,33872479
2024-05-23,1024.HK,快手-W,59.150001525878906,60.79999923706055,56.95000076293945,60.599998474121094,80918297
2024-05-24,1024.HK,快手-W,56.650001525878906,59.75,56.0,59.20000076293945,48437166
2024-05-27,1024.HK,快手-W,56.849998474121094,57.5,54.900001525878906,56.900001525878906,23415916
2024-05-28,1024.HK,快手-W,56.54999923706055,57.29999923706055,55.599998474121094,57.0,14542566
2024-05-29,1024.HK,快手-W,55.150001525878906,56.45000076293945,54.75,56.45000076293945,30062795
2024-05-30,1024.HK,快手-W,55.599998474121094,55.849998474121094,54.349998474121094,54.599998474121094,28573447
2024-05-31,1024.HK,快手-W,55.45000076293945,58.599998474121094,55.099998474121094,56.5,56421330
2024-06-03,1024.HK,快手-W,56.099998474121094,56.650001525878906,54.45000076293945,56.04999923706055,25152718
2024-06-04,1024.HK,快手-W,55.75,56.099998474121094,55.20000076293945,55.599998474121094,19218702
2024-06-05,1024.HK,快手-W,54.900001525878906,56.849998474121094,54.70000076293945,55.95000076293945,20967907
2024-06-06,1024.HK,快手-W,54.04999923706055,55.849998474121094,53.20000076293945,55.45000076293945,37457011
2024-06-07,1024.HK,快手-W,52.29999923706055,54.25,51.70000076293945,54.20000076293945,44708228
2024-06-11,1024.HK,快手-W,51.650001525878906,52.0,50.849998474121094,51.95000076293945,37955673
2024-06-12,1024.HK,快手-W,52.0,52.849998474121094,51.29999923706055,51.650001525878906,27413330
2024-06-13,1024.HK,快手-W,51.25,52.650001525878906,50.349998474121094,52.5,28019814
2024-06-14,1024.HK,快手-W,50.95000076293945,51.150001525878906,50.20000076293945,51.150001525878906,31572605
2024-06-17,1024.HK,快手-W,51.54999923706055,52.20000076293945,50.099998474121094,50.29999923706055,26079744
2024-06-18,1024.HK,快手-W,51.45000076293945,52.79999923706055,50.95000076293945,52.25,17976140
2024-06-19,1024.HK,快手-W,52.20000076293945,52.25,50.79999923706055,51.75,25837419
2024-06-20,1024.HK,快手-W,49.5,52.599998474121094,48.79999923706055,52.29999923706055,47003673
2024-06-21,1024.HK,快手-W,49.349998474121094,49.45000076293945,48.45000076293945,49.04999923706055,35231528
2024-06-24,1024.HK,快手-W,47.349998474121094,48.70000076293945,46.349998474121094,48.70000076293945,37792030
2024-06-25,1024.HK,快手-W,46.900001525878906,47.849998474121094,46.20000076293945,46.900001525878906,26147555
2024-06-26,1024.HK,快手-W,47.5,47.75,46.04999923706055,46.04999923706055,19420435
2024-06-27,1024.HK,快手-W,46.400001525878906,47.650001525878906,46.29999923706055,47.400001525878906,20532195
2024-06-28,1024.HK,快手-W,46.150001525878906,46.70000076293945,45.79999923706055,46.0,22150551
2024-07-02,1024.HK,快手-W,45.650001525878906,46.95000076293945,45.25,46.150001525878906,19612851
2024-07-03,1024.HK,快手-W,46.95000076293945,47.20000076293945,45.75,46.150001525878906,18904541
2024-07-04,1024.HK,快手-W,44.79999923706055,47.849998474121094,44.54999923706055,47.54999923706055,34776363
2024-07-05,1024.HK,快手-W,44.75,45.04999923706055,43.5,44.79999923706055,29333858
2024-07-08,1024.HK,快手-W,45.75,46.20000076293945,44.650001525878906,44.650001525878906,23714329
2024-07-09,1024.HK,快手-W,47.599998474121094,47.95000076293945,45.650001525878906,45.95000076293945,32000254
2024-07-10,1024.HK,快手-W,47.099998474121094,48.5,46.95000076293945,48.099998474121094,21260866
2024-07-11,1024.HK,快手-W,47.70000076293945,47.95000076293945,46.599998474121094,47.20000076293945,18375792
2024-07-12,1024.HK,快手-W,49.150001525878906,49.29999923706055,48.29999923706055,48.400001525878906,21828226
2024-07-15,1024.HK,快手-W,47.849998474121094,48.650001525878906,47.650001525878906,48.29999923706055,16342515
2024-07-16,1024.HK,快手-W,46.29999923706055,47.45000076293945,45.900001525878906,46.79999923706055,23058783
2024-07-17,1024.HK,快手-W,46.75,47.29999923706055,45.5,46.0,15652993
2024-07-18,1024.HK,快手-W,46.400001525878906,46.900001525878906,45.75,46.5,11687357
2024-07-19,1024.HK,快手-W,45.20000076293945,46.04999923706055,44.900001525878906,45.75,19574307
2024-07-22,1024.HK,快手-W,45.45000076293945,45.79999923706055,44.54999923706055,44.54999923706055,13023666
2024-07-23,1024.HK,快手-W,44.54999923706055,46.20000076293945,44.400001525878906,45.79999923706055,20260828
2024-07-24,1024.HK,快手-W,43.70000076293945,44.900001525878906,43.25,44.54999923706055,19493208
2024-07-25,1024.HK,快手-W,43.150001525878906,43.70000076293945,42.79999923706055,43.349998474121094,16958470
2024-07-26,1024.HK,快手-W,42.79999923706055,43.45000076293945,42.25,43.099998474121094,17238218
2024-07-29,1024.HK,快手-W,43.400001525878906,44.0,42.70000076293945,43.79999923706055,13781534
2024-07-30,1024.HK,快手-W,42.099998474121094,43.599998474121094,41.900001525878906,43.599998474121094,13002335
2024-07-31,1024.HK,快手-W,43.79999923706055,44.20000076293945,42.0,42.20000076293945,16683526
2024-08-01,1024.HK,快手-W,43.45000076293945,44.099998474121094,43.099998474121094,43.70000076293945,11218307
2024-08-02,1024.HK,快手-W,43.0,43.29999923706055,42.349998474121094,42.79999923706055,14319064
2024-08-05,1024.HK,快手-W,42.79999923706055,44.79999923706055,41.599998474121094,42.54999923706055,23370239
2024-08-06,1024.HK,快手-W,42.849998474121094,43.95000076293945,42.20000076293945,43.599998474121094,15931457
2024-08-07,1024.HK,快手-W,43.20000076293945,43.79999923706055,42.20000076293945,42.849998474121094,12732167
2024-08-08,1024.HK,快手-W,43.849998474121094,44.79999923706055,42.25,42.70000076293945,23224992
2024-08-09,1024.HK,快手-W,45.20000076293945,46.400001525878906,44.70000076293945,44.70000076293945,26885988
2024-08-12,1024.HK,快手-W,45.099998474121094,45.45000076293945,44.45000076293945,45.20000076293945,11886019
2024-08-13,1024.HK,快手-W,45.04999923706055,45.45000076293945,44.75,44.79999923706055,7669952
2024-08-14,1024.HK,快手-W,44.45000076293945,45.400001525878906,44.29999923706055,45.20000076293945,9298581
2024-08-15,1024.HK,快手-W,44.0,44.349998474121094,42.79999923706055,44.0,21381683
2024-08-16,1024.HK,快手-W,43.849998474121094,44.95000076293945,43.70000076293945,44.5,15677024
2024-08-19,1024.HK,快手-W,44.20000076293945,45.20000076293945,43.95000076293945,44.150001525878906,33267533
2024-08-20,1024.HK,快手-W,44.400001525878906,45.099998474121094,43.900001525878906,44.599998474121094,25414936
2024-08-21,1024.HK,快手-W,40.0,42.599998474121094,39.0,42.20000076293945,95091142
2024-08-22,1024.HK,快手-W,39.849998474121094,40.5,39.099998474121094,40.099998474121094,39480789
2024-08-23,1024.HK,快手-W,40.79999923706055,40.95000076293945,39.099998474121094,39.5,26304902
2024-08-26,1024.HK,快手-W,40.45000076293945,41.849998474121094,40.29999923706055,41.20000076293945,17813986
2024-08-27,1024.HK,快手-W,40.0,40.150001525878906,39.45000076293945,39.900001525878906,20821869
2024-08-28,1024.HK,快手-W,39.099998474121094,40.20000076293945,39.0,40.0,23296534
2024-08-29,1024.HK,快手-W,39.400001525878906,39.599998474121094,37.54999923706055,38.70000076293945,23940106
2024-08-30,1024.HK,快手-W,40.29999923706055,41.29999923706055,39.29999923706055,39.54999923706055,52118817
2024-09-02,1024.HK,快手-W,39.5,40.150001525878906,39.400001525878906,39.900001525878906,17416760
2024-09-03,1024.HK,快手-W,38.900001525878906,40.0,38.400001525878906,39.5,34364594
2024-09-04,1024.HK,快手-W,39.54999923706055,39.650001525878906,38.150001525878906,38.5,26807990
2024-09-05,1024.HK,快手-W,40.099998474121094,40.25,39.349998474121094,39.54999923706055,25914192
2024-09-09,1024.HK,快手-W,39.349998474121094,40.650001525878906,39.099998474121094,39.400001525878906,62909398
2024-09-10,1024.HK,快手-W,39.04999923706055,39.900001525878906,38.29999923706055,39.5,32715270
2024-09-11,1024.HK,快手-W,38.75,38.900001525878906,38.349998474121094,38.54999923706055,15534909
2024-09-12,1024.HK,快手-W,38.849998474121094,39.70000076293945,38.79999923706055,38.79999923706055,14525918
2024-09-13,1024.HK,快手-W,38.150001525878906,39.29999923706055,38.099998474121094,38.95000076293945,20358713
2024-09-16,1024.HK,快手-W,39.900001525878906,39.900001525878906,37.75,38.099998474121094,15703976
2024-09-17,1024.HK,快手-W,40.150001525878906,40.5,39.349998474121094,39.54999923706055,8603304
2024-09-19,1024.HK,快手-W,42.099998474121094,42.900001525878906,39.79999923706055,40.400001525878906,46052005
2024-09-20,1024.HK,快手-W,41.45000076293945,41.75,40.400001525878906,40.849998474121094,159475242
2024-09-23,1024.HK,快手-W,41.0,41.900001525878906,40.599998474121094,41.54999923706055,34520760
2024-09-24,1024.HK,快手-W,43.5,43.75,41.0,41.900001525878906,67140754
2024-09-25,1024.HK,快手-W,44.400001525878906,47.150001525878906,44.150001525878906,45.20000076293945,85900583
2024-09-26,1024.HK,快手-W,47.95000076293945,48.0,44.25,45.0,93590817
2024-09-27,1024.HK,快手-W,50.79999923706055,52.25,48.849998474121094,49.04999923706055,121672889
2024-09-30,1024.HK,快手-W,54.849998474121094,56.599998474121094,52.45000076293945,53.29999923706055,131388932
2024-10-02,1024.HK,快手-W,59.95000076293945,60.95000076293945,55.75,56.0,94552905
2024-10-03,1024.HK,快手-W,57.20000076293945,60.45000076293945,54.5,60.0,59560381
2024-10-04,1024.HK,快手-W,58.79999923706055,59.04999923706055,55.79999923706055,56.75,38162645
2024-10-07,1024.HK,快手-W,61.25,61.75,59.20000076293945,60.0,53547166
2024-10-08,1024.HK,快手-W,52.70000076293945,61.5,51.0,61.5,132750858
2024-10-09,1024.HK,快手-W,50.900001525878906,54.75,49.400001525878906,53.54999923706055,99573337
2024-10-10,1024.HK,快手-W,50.849998474121094,52.79999923706055,49.900001525878906,52.25,64128149
2024-10-14,1024.HK,快手-W,49.599998474121094,50.95000076293945,47.599998474121094,50.849998474121094,66541781
2024-10-15,1024.HK,快手-W,47.45000076293945,50.20000076293945,46.70000076293945,49.29999923706055,51827431
2024-10-16,1024.HK,快手-W,46.349998474121094,47.900001525878906,46.0,46.5,36193806
2024-10-17,1024.HK,快手-W,45.29999923706055,47.849998474121094,44.75,46.5,36487412
2024-10-18,1024.HK,快手-W,47.79999923706055,48.349998474121094,44.900001525878906,45.099998474121094,52047943
2024-10-21,1024.HK,快手-W,46.25,48.25,46.0,48.0,38118998
2024-10-22,1024.HK,快手-W,46.650001525878906,47.20000076293945,46.25,46.5,28854806
2024-10-23,1024.HK,快手-W,47.099998474121094,47.70000076293945,46.29999923706055,47.0,24683796
2024-10-24,1024.HK,快手-W,45.25,46.45000076293945,45.04999923706055,46.20000076293945,37303056
2024-10-25,1024.HK,快手-W,45.900001525878906,46.29999923706055,45.150001525878906,45.25,22201918
2024-10-28,1024.HK,快手-W,47.29999923706055,47.79999923706055,45.79999923706055,46.20000076293945,32640724
2024-10-29,1024.HK,快手-W,47.29999923706055,48.79999923706055,46.95000076293945,48.20000076293945,32594539
2024-10-30,1024.HK,快手-W,46.20000076293945,47.349998474121094,46.0,46.900001525878906,34075580
2024-10-31,1024.HK,快手-W,45.900001525878906,46.599998474121094,45.75,46.5,24940027
2024-11-01,1024.HK,快手-W,46.400001525878906,46.900001525878906,46.0,46.099998474121094,19079425
2024-11-04,1024.HK,快手-W,48.20000076293945,48.45000076293945,46.70000076293945,46.70000076293945,30053492
2024-11-05,1024.HK,快手-W,53.349998474121094,53.5,48.04999923706055,48.20000076293945,70035031
2024-11-06,1024.HK,快手-W,51.29999923706055,53.25,50.849998474121094,52.79999923706055,52844483
2024-11-07,1024.HK,快手-W,53.150001525878906,53.54999923706055,50.25,50.70000076293945,37104763
2024-11-08,1024.HK,快手-W,53.70000076293945,56.04999923706055,52.5,54.849998474121094,59742390
2024-11-11,1024.HK,快手-W,51.54999923706055,52.70000076293945,50.5,50.5,37710046
2024-11-12,1024.HK,快手-W,50.04999923706055,52.900001525878906,49.79999923706055,51.349998474121094,45635240
2024-11-13,1024.HK,快手-W,52.0,52.25,49.5,49.75,44149382
2024-11-14,1024.HK,快手-W,50.0,53.099998474121094,49.70000076293945,51.20000076293945,44786701
2024-11-15,1024.HK,快手-W,51.400001525878906,51.900001525878906,50.0,50.0,37701009
2024-11-18,1024.HK,快手-W,50.04999923706055,51.95000076293945,49.5,51.70000076293945,33588942
2024-11-19,1024.HK,快手-W,51.599998474121094,51.79999923706055,50.650001525878906,51.0,30170082
2024-11-20,1024.HK,快手-W,52.54999923706055,53.099998474121094,51.150001525878906,51.599998474121094,37957443
2024-11-21,1024.HK,快手-W,46.400001525878906,49.75,45.79999923706055,49.75,118758750
2024-11-22,1024.HK,快手-W,44.349998474121094,46.75,44.099998474121094,46.400001525878906,58535392
2024-11-25,1024.HK,快手-W,46.349998474121094,46.70000076293945,45.099998474121094,45.25,71755358
2024-11-26,1024.HK,快手-W,46.75,46.79999923706055,45.900001525878906,46.150001525878906,31561276
2024-11-27,1024.HK,快手-W,47.75,48.150001525878906,46.04999923706055,46.70000076293945,28594343
2024-11-28,1024.HK,快手-W,47.400001525878906,48.45000076293945,47.20000076293945,48.29999923706055,25605195
2024-11-29,1024.HK,快手-W,48.20000076293945,49.150001525878906,47.099998474121094,47.349998474121094,26149598
2024-12-02,1024.HK,快手-W,48.599998474121094,48.900001525878906,47.70000076293945,48.25,21154175
2024-12-03,1024.HK,快手-W,48.650001525878906,49.5,47.70000076293945,48.599998474121094,30972770
2024-12-04,1024.HK,快手-W,47.29999923706055,48.650001525878906,46.95000076293945,48.650001525878906,42593097
2024-12-05,1024.HK,快手-W,46.75,47.20000076293945,46.349998474121094,46.849998474121094,22707576
2024-12-06,1024.HK,快手-W,47.599998474121094,48.0,46.45000076293945,46.900001525878906,66966648
2024-12-09,1024.HK,快手-W,48.45000076293945,48.45000076293945,45.70000076293945,46.900001525878906,87807322
2024-12-10,1024.HK,快手-W,47.150001525878906,50.099998474121094,47.150001525878906,50.099998474121094,73358238
2024-12-11,1024.HK,快手-W,46.599998474121094,48.20000076293945,46.25,47.45000076293945,42187979
2024-12-12,1024.HK,快手-W,47.75,48.400001525878906,46.400001525878906,46.54999923706055,42901499
2024-12-13,1024.HK,快手-W,46.5,47.400001525878906,46.25,47.25,34492088
2024-12-16,1024.HK,快手-W,45.0,46.54999923706055,44.75,46.5,36946944
2024-12-17,1024.HK,快手-W,45.20000076293945,46.29999923706055,44.70000076293945,44.849998474121094,22482278
2024-12-18,1024.HK,快手-W,45.599998474121094,46.0,45.400001525878906,45.79999923706055,14453420
2024-12-19,1024.HK,快手-W,45.20000076293945,45.54999923706055,44.599998474121094,45.0,23694081
2024-12-20,1024.HK,快手-W,42.75,45.349998474121094,42.650001525878906,45.04999923706055,84367587
2024-12-23,1024.HK,快手-W,42.45000076293945,43.349998474121094,42.04999923706055,42.900001525878906,40404204
2024-12-24,1024.HK,快手-W,43.0,43.0,43.0,43.0,0
2024-12-27,1024.HK,快手-W,42.25,43.45000076293945,41.900001525878906,43.150001525878906,28826147
2024-12-30,1024.HK,快手-W,41.900001525878906,42.54999923706055,41.599998474121094,42.349998474121094,23349571
